holder,stillHolding
0x8ea66dad88765b3ddedc5fcdd8a1c1986817e794,1
0x70b3d1ff337bcceeb3e2cf5b05efbffc50af87d7,0
0x0e4cca78efcf0d23f415c3f822a3ecdfa476b545,1
0x62b998f0b610a016a4c55a5df553fd918acf931b,1
0x2801dc73a6dcefb364b959606e0c61234105fd5a,0
0xf6f48d7df9a2405d59604b744d1060296defbb41,0
0x1e4b20a0b398d979aa1b74a5aa8836a2cbd19c9b,0
0xfc4d384f6db89878a19478d0abed7ec2909d761b,0
0xeacf1f66f7ec46625adad9594d4533173433330b,1
0xd8a5ca452c82333afc796d385b181c34fa550995,0
0x68759feb55dc79740c3132fa0f590ebe560fdc2d,0
0x39183cd265f50af7533ec058a4c807ca9bb6d10a,0
0x561b383dbb34e67f27921c64009d898370862aca,1
0xc229e165dfdccc7dd01668da51360f2f2cc7708c,0
0x9ee2588c8d06b3b69e58e640bc55ed00217587d3,0
0xad3d73e6f7ec7c04441172c7462848a1a47b8496,0
0x13591e69575ccd982fc10e48e06e73baa45c3a54,0
0x3ce7e85ee4f3c412a085df1060d740a875af5be2,1
0x4642d9d9a434134cb005222ea1422e1820508d7b,0
0x4fb2d7d74200bcdbca1157ffa047e8248631d73b,1
0xd22706e7b768118be7a267797d97070275cc93dc,1
0xf9107317b0ff77ed5b7adea15e50514a3564002b,1
0x2749dd2d3fb23a9fcffad0ca9bf80ec0afd01ab0,0
0x03928a5fefb2638096e6de8cbfe8ab0f0980dea4,0
0x6df8e1ab5cf8c3729651844ec6d67e476b929f5c,0
0xb5cbb5575dfee05a6eedba4a7989cf086cd18c1e,0
0x0764dc400c280ff2b6d1f0582969c0c668271340,0
0xa35a34595c1a318f22725f1217676b466a7e7163,1
0x04c57fb4b028933b19e216aab33258ee4c0fe144,0
0x7c9c2a2deba2895684d637dc1ba05006c7ff5ceb,1
0x420f5a4a8ea8905f9e00dbf4c7a13f568b183fea,1
0xf8701931dff417339c907744e9da764e01485d72,1
0x6922c02f314e80d62577cef30f5b72877e532ef7,0
0x3e4c0e5136c5264c210ce6aa889854d0b8380ca1,0
0x747c8f9c398f6153e0ae316f7d8e51da01ddb3a1,0
0x56db552729ef80a0c0e6fbe1ea98f19ce51939a2,0
0x02b1608637f1cc7e2097b30be0bfd2c1c77a66b9,0
0xbc53dbb3a39df977a9221679a612f4b8ee8a6ee4,0
0x4cd3eff53d3ffd35a42448e615e3c05f505082c5,1
0x0af2292f766ebf5f6f5122ae5bd301b9b6f62ca9,0
0xa621454e8d427d979aece75e2878a227db673db1,1
0xb0f6fa84c06d74a96fcc87d0261e49a70ffe656c,0
0x96b7719e0392b156ae593987ba90ca2aa8316681,0
0x738c49efa8d70dee29a5ca74aca05fa9039100e6,1
0x02cc389830418a2f470386890ffaef1c7b02dafd,0
0xdc9a2ec181f287c7acc6ffb4abdf5ba5109d9e07,0
0x5f38a4d35cee1f935310cafdeecce1c2c7a24d06,1
0xea04a71bff6f766ea6b43659738fb10eb200542b,0
0x02f8bf8a608af3f2e1d6a0a65732cf7082c6d52c,0
0x1be18de3aa85ef2d69edb57d2b1804c3a0a3db2a,0
0xdf9de12f207c38df3ed166d9931b44a4ba9f36b9,0
0xd90c0f9f698ce91eaae53cb950022b6ae9634767,0
0x616b8b3acbe28b0e1402da6aea1b5a904b1f8d30,1
0xfc8d3b9e93539451cb7207fb2a3b5ce2792d65ad,1
0x54bec524ec3f945d8945bc344b6aec72b532b8fb,1
0x5c9fd97eca2d186780461e2280f124fb3c2afe91,0
0x767a58ba5b0e404f5befbde4d7f00926df568fe4,0
0x0759a632b0e0eeadbb0f03f422d802cc979ddecf,1
0x8b14e522e8c038e911d06c3294baf7201931946c,0
0x51206b13023e7f4c0a607eb920500eb6bbf50f2b,0
0xd174ad0d1e36c7a60cd922e966354095233f8f23,0
0x29d25f171edfd17b5bb0b66628fb5286b7d29aea,0
0x339ef4a59709e4710658cd232e96ed8a00e158bc,0
0x063f1e7237e95a004ea7508ef9fd357c943f1b88,1
0x0ab0d7051ee391730f1a1f7b812f6cdf31b8b374,0
0x28f3001698d4e67865e8f0e3af547afb94e22e5d,0
0x9acf8d0315094d33aa6875b673eb126483c3a2c0,1
0xc0ceaced6bf4aa3c1b21238a8495dd03891ebd66,1
0x03e0469ca10c8b3a76a5312fb6f2a06698934bf4,1
0xe4c6c46645988bbafd8ef6b4d1b60d969cc857c3,0
0xea749a0c58f16baae32dbc62da05b89f3f5caa66,1
0x08a4f7c5b0021ca15d65e410b22825aadc84aba1,1
0x3157759c95431615751f8e9bf7ffbeecbf91b062,1
0x750b4074ace49c78ea967cfc205dcaa4da2586eb,0
0x84057a0b299ce53c31dd7020144405a4587bda2c,0
0xc4e02e60fd48ab92b3a18bce5e3e849ccfe627f0,0
0x1811967d1ad647c0911aef9d6f72165337b3db0a,0
0x7302bc5b47f5588174a148c90747a88cb528a8c1,1
0xa97226d5b2f5efbc8bbcbd8a6b836d3c0843785b,1
0xeb9fad97e4a214a159674f585f07009ce6684d0f,1
0x66e1a0522aae18c0c5ee4287276da2095be3625d,1
0xc75527aaaf9e1229f47d2cb66d075f21d1f3da4c,1
0xe90046e06f76c8732e514bf56be00ebf21541a3a,0
0x18d175958209bd4b5c8b806f30f920fe290d7c97,0
0x3ec2f2ad041598f511158dda7907b3b746240971,0
0xfd3fc767844ab9929091291609d453d3fa1e30fe,0
0xb804f5bd0b5e05a3a09e4fa87b66c0d944145d8f,1
0x48143d678cac78e88b5bde32347d2d0f60cb79a1,0
0xeae800c6c589881f774f8add539fd718f3e28743,1
0x538df212def9d27b646b733cb267a69cbe1b77ad,0
0x8b290fe74648871722d4933978c9c2050e178625,1
0x1210decb57171b68fee64ff6ab709b926c30e2dd,0
0xd1d7232df42ccf4c4cb6840af1684fa807636b58,1
0x5732013a1dbafe45dc65b92c8d5f43bc4ca42565,1
0x7a324010a6331d8d63d069e97022a1902cd8cfe7,0
0x40b4b189691a783522359ba9d6bfbf62875efcd5,1
0xa1f50971a75a486fa44b99259ac59b8db1fbc700,1
0x4ac26eee00b8cf4c6d5e10e0499149d826efe327,1
0x95373662323ed983e25e50c4582ebbf21c39ce20,0
0x79d80763866cbeb4d84133d2e8088074d29c70ce,0
0xfb8a8e58f687fb4252f04b62551b21d52bf97fcd,1
0x63a20299e8843e5b375fd2b5aec4c8c493fba2e5,0
0x795aba36aaccb9f04dabd6edde5d0fd25e0aa9cb,1
0x77511e047a3bafa205ed839f5af56f0b99341c26,1
0xc9b318ca2e8a4ea2e9e9be016f2523179f0abffa,0
0x2457c54c2b31625ef6b80175d06b07bd7caafa38,0
0xd7069764472387284eae4cef007864c85d7c00ec,1
0xbd227c7b8d581b9d3639b7e6e301cdf99c374dd6,0
0x6b2bb0202e8baa89ce8f42b7c76a22cdc37b7157,0
0xe2ebb97d4d39b163d431a5e376a10a1536b8c065,0
0x44eda39d3cbcb04c90acd211aa20f8aa0cb99b58,0
0x31249c9ad60b319eaa6fda00a84327ffbb74ac72,0
0xc5716c7c43ab0420575596cf9d58afe1e79aea02,0
0x24f30e52ac3f472d9d507792e28bb8bf9a8051a1,1
0x0978e97577b72cb77c7db336c88fd6bf6a553ea1,0
0xa0b08b718a332a1b7b2c9a6482ca5dfd87b7ee34,0
0xd3b4295c5cd8607c6b07446e052fedaa64759f2a,0
0xb4714dcab82a72f08f1ec0d2c1a398e1361ff148,0
0xddd5d97e6442e0a5372841b41421d90ffe712ca2,1
0x83c672932d131989d642c28aae4341f06aee9090,0
0x657a38e6994cb578351376dcdb077330d00665d6,0
0x4acbca6be2f8d2540bbf4ca77e45da0a4a095fa2,0
0xac215e59be39c29c236a588bd5246d9aa745cc68,1
0x0ccfa1c3441f3febdcee067bd1cbe3af7bbb614b,0
0x913017da13edb736cf7a6b5f77838fa6754ece9e,0
0x2525a648d7916fb62da2fea59f28be66e04d3a18,1
0xc65cbc171d34d656361676acd164bf7f7472a674,1
0xd3f75d17facba508268e838aaa9e75ad5609333e,1
0x555b14365884d4f24f70e18a971c57585ea2bb6e,0
0x3448ec6462804aec79561a8b379399141e22a734,0
0x1ec16b6889bddc8fc3bac783529e3e6bb5b4b448,1
0x31930a4565c7326efba6ce9346fb75069185c9ff,0
0xc81082690edc8cde6d83a7549aa6a74534305372,0
0x8417ce4c25e3f39976a3bc5f910c93a9c07126c3,1
0x603a5d8404a412dad3227fc3baacb505451fa5be,1
0x608a6364f7ade82f37cc3d24451bc9262b432ef0,1
0x4e486e7eee27500b8851d63d003119c4da4825f6,0
0x059f8b5418cfeb11bd16659f1bb2854efade2a25,0
0xb1ce3b8cf673f4b5c318d7222aa0dc1308ed41af,0
0x07529ec8910db3409318ad903342e648732f6621,1
0xfacd68911a950f74ddf3aaafe840f728b44eedb0,0
0x9d7a5cb87c5ef11baad76afd8691287e6b6c74a5,0
0x13b1952caaddf86390ccf7380ec4f6167df61dc6,0
0xb8d6f735d89d49a5f7f629bad790227454939471,1
0xeea110438fd913fdaac79d028c6cfcb0155cfd9a,1
0xa1d80730e04fd7da39ee755424d51269ddbc082f,1
0xe91e3a1113dead7c57b43359ecea51c0e93c8306,0
0x8a601b7250a3fee0a6e0c3ac5b2f6c8e8228e892,0
0x7177494158c6a27b18f7aa485dd58f852c9fcaad,0
0xb47ca486f61532cb40630eaee136582154007cf3,0
0x1a929b5d550c45ca8a0cfdb82f7c9c15fc278f31,0
0x1d28e710ade00910da10bfb9aacb28284ea6e430,1
0xae3754df0459fa3c5a65a90155d71e09c9a604fd,1
0xde1cad21404eb616cd272eabdb6475c7e09f6478,1
0x69f908472faf3ea17b4d4973a4e8b34ffc284b9e,1
0x470c4462c67a3fab03901b81c0b96909f8330ca6,0
0x4f4bd77781ceee4914b6bc16633d5437eabca5d3,1
0x2d9c019472075e4dadf0e3b930ca77518c0c4723,1
0x33f46efa9c495d3e550bd318ead2cca8bbeca3a6,0
0xb4dff900ab6b1c42c2c20a50572571ce506d8a86,0
0x5b7ebd8632121bccf482a9df5a9c5744e9bb6b69,1
0xa2e7002e0ffc42e4228292d67c13a81fdd191870,1
0xd1dd5939eccecb063b824a1e41a08758e2c9bb75,1
0xe62404628d1f3018d70e35e8a203809aef9cf036,1
0x946cf079569dff57a97a06067336d3d92b3632ae,1
0x7949ef5b6ffee4344ad67ec6bdaef53ef9e8c6bf,0
0x8eaae57652960a68f2056c082cec9d71b481bad1,0
0x3688355e18b077c01503d9736009874c271c2077,1
0xdb10364cece4497a30306706ba8926264962afd2,0
0x991b9d51e5526d497a576df82eaa4bea51ead16e,1
0x25628571affe5e2e7c599d4ed0412e8bd94f85fe,0
0xea5876991ca48e366f46b5bde5e6adcffa2000bc,1
0x9db865cacacdadf95e376a2fc1a4aa1ed9d70762,1
0xae700d9d0a99e2d219a74b1ffe7066071b240447,1
0x0cb9ada4c88885f613297512f6ed5d1b79acec11,0
0x425913b15df240be45165fafe022c96fd53b0588,0
0x80aa3c0ac9467fa18f1c6380410a472c84d3da6b,0
0xf68dbb222dcc7170180fa97bffccbc953a8ecedd,1
0x394ebc189377e134f29bd61decf832efb271b249,1
0x40a3f053ee9339ab067b539fcf731b548286ea5e,0
0x99b5fb37b04c966dcaf1edb5ea27b08644cc4d08,0
0xe7fb7051e0b8fb597baf345a10966070b5ce8d98,0
0x231b405c333db6d81adeaadf4c6ff3940ea5db21,0
0x54f31bc7d4ea365f3f2b525784bd7c9eee80286f,0
0xd1f302a2eec3f1eeff35b5e08b0aa4e8684a4e19,0
0x1a5e46a5b9aa41474bbba038c0bdbec346b72c30,1
0x7a8e2cbb1832bd88bb1519b19f6ac14dc7e79ea6,0
0xd31a9e1d3574092a8d2990359d4461e776fc47fa,0
0x86f5badc9fb2db49303d69ad0358b467cfd393e0,0
0x17376f985dea952c96e643a6716c380fa3ea803c,0
0x8bef8b889eea83e5b0b0e1a4bb09d426fe57a1d4,0
0x3ae780f815643ff5fbc960919f023d74767c66bf,1
0xdbd284cd5fd0cbdcb923b991164edad535418057,0
0x38dab69dbfa3f50182779b26083e43be46d6ece0,0
0x26e7d99038b52c61d5bc0af15e2535e029cb9ce0,1
0x725fc8fe91dcf9343dd80342a93e45f2923c7334,0
0x2447ec26332b801fede8cdd6aa9f99b791890bc9,1
0x079a889eb69013d451ecf45377258948116e2b3e,0
0x85768b3ddad65d1bb4a4d7e7ed12702eb22e7cf2,1
0x85af6da9d7ad8fd735014035d63b3b4e01afcbbf,0
0xef1ce7ae0fc718d68d6f30cfb640180f5745a51d,0
0x1b35fcb58f5e1e2a42ff8e66ddf5646966abf08c,1
0xf1c005c66429999c0d35a8c9e6649d00cdd1db3d,0
0x1b143a5b2db17254f6d1b62f293b801027fcaaca,1
0xe8b0bb2410b02b2bcfd58e48888b508e5880752f,1
0x9366af07e9a265304874eee406a508a058198ae4,0
0x9f9bf87dc03efedb4babc5ed2da75c9032a448f5,0
0xb14abeb9cd52ec35a3de0435d710edcf78f47276,0
0xd1376fe1330752531fbd956fc57e6c1a11d5259e,1
0x747db8b9c48d26878caec7d292e8e5e83648da70,0
0x29afa8c4ceae4e91695bde9f0c280f729c5030fb,0
0x707a2f2bdceb1df13a4b41db735d508e5a0e1892,0
0x9d121161081b3c76804c3b9e934797d4de2b4fb8,0
0xea611e681b294c2e2137ef14b782a9e80cc6a44f,0
0x9060e5f33213f6ff0f8ae327e0b287d3773d0fcb,0
0xf5f7cade47cb96504c446ed7970f9157b91e6d01,0
0xee2cb939baf29286daa9ece95157e7c121e2e13e,0
0x3b7524abec8e8a034a5e2e743ca01450a11d5b42,1
0x96e99005a61c641150a5151b2b8aa8d40b5ffa11,1
0xca410376d129e70ffb4edc28a0d63235532a070e,1
0x47920616656124df239147f97bd3af49af194982,1
0xab24b0222798a8a275f2fb761a950b032c12b065,1
0xe0dea755a9853f8ed2d14e3e88393157e81beaf3,0
0x8a1bdfdb9a6ba11dee57f7125bdd55ca54f651ea,1
0xeec3c0c4402af5c5b8cebcee6f354cfbd307e15a,1
0xfe265bcc8304670172d63aa9f3efeb681520aa25,0
0x82948a9f0c927bbe1547eafa91c0c0eb0673cbf7,0
0x41f422d760099ca0bd94b3ecae71b42e8c8f9a74,0
0x4f184251c40056fe7b8abbf040f8f30803357799,1
0x6e66dccf07f22c789cfcfe88028886e0668df0a1,0
0xf9d4963d7a64f39277b8fa75b9ddf55bba87f06a,1
0x44faea28b0eb2fd97b8afa5c17f039c84f46ccff,0
0x9ee84ad638aa0ba516cace2d1a9738442a6b5393,1
0x6b3210caa59c0367edc0b0e60636db02a623ce58,0
0x7e32b7fb39a4683d2ffb017e7bf31b20e860d419,0
0xd5776e8edfbb6f9a58c46bcb5fe24bc269738270,1
0x6b644664064b37d2b245d8cb20d63f1d860af92a,1
0x12de4ae6d238023c246d3ba90581aafb29c34bc6,1
0xca9ba74ee20917211ef646ac51accc287f27538b,1
0x441422317d60270a912e1d54bec2065b252d4080,0
0xb4ac986d95e2fd43c5e757d8dd8f8cfec2e70f32,0
0x1bc54c0075dfc876fe7a2ced160592fa490d784b,0
0x06d769d6fd47e8db4b35e0be76c345bd095a9f3e,0
0x27890128d936dc203d271c24fff7f79d050d5047,0
0x5f3ae95d6af9648ddab5f5e3ca450cde1f18be58,1
0x28ed68494dcdfb003d15bc0bb5ae8489b0280e45,1
0xb7abe0f0a1c31a88fdcdef71033cf7ae7d12f2d3,1
0x07f0f562bcd00407aca177d77b55ab23da1ec806,0
0xdb9f34e8d6ad8f1d632c33029979e9ecc05ab4b8,1
0x34f92bf9290726955332b7e0730946813ac9d3fa,0
0x69e20f544373d28ebdb884232d46a2351ecb20a8,0
0x3aeb83517fb6fe1c48a5a1c72dff960b4b32401b,0
0xdd90eeba13fa86afcc4237d1e80dca50d57a8cf0,1
0x944b8a5c94055a761d518ee11c6c370b139eff28,0
0x031fe019b130bfe0029fe20c1713ca822c4161fb,0
0x2ee42248515e55119aa0cc695b575451a77ce0f8,0
0x7b98df6b658135964a3e58127e3d4bd2e60d80f4,1
0x34cf2879a3d59a37ffb421e1b0148c6962476a06,0
0x856c6582309d2f097a8e2129f86087e062583482,0
0x6eaa340b1040db919c7de40fd194710b234a53ed,1
0x396ddbab45d94f52aec815b7bda4635211c0bd85,1
0x83bfe1c10c97221663c8351a26cf56017b426f4a,0
0xbac8aaeac1a1b6254af96389291854e0247bbb22,1
0x48d0928c9c249fdc45a5ee76f809aea3781035e5,0
0xfe46d5d43b3b27a0ddff758a55bf2824f24a6b7c,0
0xa33e5e1ccf57c0caf78ae399061f270dd24ffcdf,1
0xb125115f13393728e082f285b06c523fa5ddb617,1
0x94a357294fcdd3d02428bf9c0b0402b65afe0544,0
0xb5e3bbb6c1dd5e8f6e21a24573d7b0e7c041a834,1
0x63c64c3c89f26e3edb2cfb873bf0183ddae43f80,1
0x2f6c780b5623b98df5a551ed6324d89ab20b0f39,1
0xf43d4ee9b4ec9cd21e73ff8b099375b7aebcaebe,0
0x79e6df88388fa3122aae244b324f0099af959607,1
0x02ed7d45040fc9b930040e30a2cdbc796792035b,0
0xaada3947ed8509b382c626ef8491d3ef043f6bc7,0
0x4e808406840bda81e4a4993561a1b7a4afe6c636,1
0x390b12590ae2ed98cb0ec93f287517a949419c22,1
0x8aed25a73b98030725e923d3db570f8e72c3c51b,0
0xda9ad6284300b15bc802c3fbf6dbbdf7ceb27fe8,1
0x7478f3eb9a84e584a1fea7862e246bc7c6f07590,1
0x779d96205b54716ec3b031195d3dac13bdd807ca,1
0x4b5a2eb349096d1030d3d9b2c71e33c56dd174c7,0
0xd573fcfa7a1650204198b0096325b8255155de84,0
0x3272fb7684acc08fc20a49b4f5a000b4a55a0e7f,0
0xe03d5874271c1e7b5adc3befcb1f9a4990ea5116,0
0x4957a49e0cd79af07aee79039e0af653a7f7d71f,0
0x74b9cde1af0f6cc58a5127d8a9e6e8e7bb2adbf4,1
0x771999982fc377611aba04b212dbcce76f8a3cba,0
0x8a23155cb36e2bd4bf230b8e1e792187ebcb7580,0
0xd063bf563e023f91134ce4699706bcb1b7086201,0
0x08103e240b6be73e29319d9b9dbe9268e32a0b02,1
0x640b31b2c5cf650c2a75c7018af19ee5bf8f20c3,1
0xf8ea9bb44296b844df3d15c3fc35bb392b608790,0
0x847eaa8e0a808305b00305da61b875dd2ca3fbac,0
0xa4c7fa122f6c4d04d4099efcab83e2e598625928,1
0xb20bdf222451ed3c0781c327871b8e7d49c10217,0
0x29d234586deedf13031781430269c70cd495e235,0
0x9ec462bd473724b8ee4adec247385d7c2b215442,0
0xd91c88ebfebe13f5bd4bf0184b876fe81ff4cf40,1
0xa13447dba0ee27d8274b85485d51a584f651e038,1
0x2c5bd7e559b280f4b767b39d64217f594aac5704,0
0x1ff3ad32c22cc64e3d61d5059f7b1a3621029d8f,0
0x71c12da745d6f8f7c3ba7bedb5296d76062635f0,0
0xf568b4ea972ae15f69453d96fa172093971a6304,1
0x8cfa8dd7bd8a1316f145c52d842c09eac212f642,1
0xba2438e81cf4aeef4d85902931553bc6c2b7dee4,1
0x185e14cf93cf7e633a4b0333fe6a43bbf4cbb94a,1
0x9743b93e5c31fbc94dbf0cd9812eae709b8cd011,0
0x5519d6b6d704503d434faf563b39d3308238c363,0
0xd27702fc579c9ce322a8bd0c52c2d81bf7da8684,1
0xcae447432bb11baa5170ccbb90d060b28479ec21,0
0xe3caca44f5c5a8ed8ff25fec21565e7afe71d6a7,0
0x3349a091e9e4f49da99e69e2b62d82a892796ccd,0
0xa3f7fe5f82ea5db2e8f163afb99494b3f0c278a6,1
0xdb01f24fa773fef587b2a05a8ce27977871367a7,1
0xe3e5249350e4edcca3926545b4529724f69eb177,0
0x748487ba162b5c2eb62bf0dd40860d2d738d81ab,0
0x1523a02c1454c2f94e4e79edcbe7d8efb09ccdde,1
0xd06b69d8ec3b7ae7022013b53f8397fb62760bc8,1
0x2fc0a3918820699a396c69d5e6d6ecd9b16b26df,1
0x5e58538cc693b1099c68d7fef963c1f148dae8cb,1
0x848f82dc443d26434f2d5225e120dfcfe9a4a864,0
0x11e25c3e456c58c36d7799e85951164b55164c89,1
0x81facc69908d9c1188280fbb2793567de39f8f9b,1
0xa7e389d47510cb2a74e5353e34d3364d36d268aa,1
0x7d22b92bafef0f7d3ecf2eb7a2e835e3bc3307af,0
0xc587b10bae59ed0e3f49cb8aa1975e3d882efd76,0
0xa2b30bb179c68dd75f8e0aa3247111f079644768,0
0xb5f08752185c5b3e62d736aa8aabdd35ba4880e6,0
0x73bcaf4875ed27ae454e5276e9b50fa596943a3e,1
0x78d3961a88b2366d9dbb51b61042ea44b880008a,1
0x74347425c20a110fa8dd7a3d3ee8acbc83780f71,0
0xba5f8df3d2e923f1d683f73595b6f50b45139fe0,1
0x4504d4925e734299f7616d7acb1d6ca2a70ea8d5,0
0xc0e794462d705e3166d8c7490da93c47f7b37a60,1
0x8e611b4f46a353aae8fa55af10b5cec24f5f1db8,1
0xf571e1fb9e10a31438267fcce04038fd49bf9d36,0
0xbc1be5ac62ca0637676f2b592bcd0a29bbf4e427,0
0x857ca617571bc47b09f6c6ceb8d9cce278ff3fb3,0
0xeefbdae2b62f9a1639bcba81a7e76e84b2c6813b,1
0x4336b53b169a325a2d4c0254b66991828c75bb29,1
0x394fbe47da89b2658439dfcb275bf63869a25e7c,0
0x7a04ed81f52dbbbcb68e991727ae9da18b304f80,1
0x97852657d38e6d4f4ba79c70ad6961bc384cba7e,1
0x771fe9b9197e401c5ff1377ad941738ca451ec66,0
0x20e6a4c277381476127675f579949d54ad1fb7d4,0
0x08657e338888424994b753cd75157eda48cde924,0
0x058b78dd16cfd9f3c83be1860aef13ab11821302,1
0x471a7cd14ced68c5ba6411a1f3d5ca1419168c9a,1
0x6db8e922741c8bc816b30e8c944c3002c3b6098c,1
0x6273edb0d0f62e8704757c7c1dd529058296b5e1,1
0xb5dd21026a88770986c3fc676ae0db6092f63dde,0
0x1c0a09d9e9e90c9aca51ee5eae4b914657ff20fa,0
0x78ac929e0f893a7763695d8538fc1759b7983eef,0
0x476ee9b1a60921d0ab59183d3d2528fe72b6a7e8,0
0xc481ecd1749791039069bfbca44ce171c6e8062b,0
0x29c0fcfec1de8b8a63bf030dfc9745a7da7f8b64,1
0x83c2d0700cd2905f405d4d7ca800f6d7cbb2a11e,0
0x61de48cb0f02c87c5183f5f4203f67071f72be69,1
0xe3ca9d5bb5fc8a9f08733b8bebbb69a64fd561ed,0
0x7bb0ab3d0525b0cdc83c26e988a5a820be095d5f,1
0x5913faf78e5d067d6767b0bbf51601a3affeb776,1
0xafa14280490a031dfa60bf2368abf9c5b650d31f,1
0x32cb4d6093b854061c63c1d3f243347a45a17e0b,1
0x5e160c7431fc75da126589a46e76e318f1b0a375,0
0x85ea4171aec13c433b87a303f9c6dda1da4c619b,0
0x65f570384d6cc157a15eac9bfd9da88364d59b7f,1
0x535faa541252d9650f1f8a8bbd88709fb8b55a1b,1
0x6833338b84eadb845e4db8de6d9e4e378df3794b,1
0x95346e29fbee4c60bfa00d4e2d1912d579cdc76f,0
0x0eb2fc18eddd3d06abe5f23fff41996300b08397,0
0xaac2260b5950a27595cf0fbde6c188a0937593da,0
0xf59e9192ec0f86152f43e320a68b6537b314bea5,1
0x50a5d1832a6b4f7208d9b56df536cb4558ded9d2,0
0xc6afa4dae41589a5da7b0b8307695025b88be339,1
0x51728eb00d21cd77d630e4f9abd08f5b7131dc5a,1
0x32245e7e21c7aafebb67a331f3e0a3d32b64d36c,1
0x11414327ab111534e75ead0eb6c01ff311f5a8db,0
0x52348c48d05183d5d6d631692deb5c112607bebf,0
0x020f63d812196dafa49c0d79a16e4ef43df86209,1
0x16e9ffd863cce3dbb6b54b8e42b62058beee2191,0
0x93cf43ea8f12099ad038813e4e15ac2f8997f568,0
0xbbf710473e82d04e5d268f454ad60873c809f79a,0
0x6a8bca2af6dc931c9b15a69495314e6a6e519b48,0
0x02aa319b5ce28294b7207bdce3bbcf4bf514c05b,1
0xeca622a39c03ab4cb191bc09c9cc0dadb216eadd,1
0xac04a60560c4f2ef59cdab8275eeb562c98e9481,1
0xf4ea7cba37ae518afb10149b069eedfb1a78f3ad,0
0x14bd414834a5b3ee2506891ded057cd25c1f0132,1
0xdd9159d53860cedfe0bca8321da0efb59b3c4032,0
0x7615c7dd1e7a797f616c408ee27b97439e6ef008,1
0x15143eb9262819a8924679805b80a5e6cf62578e,0
0xee2e808000e14af54bbb10a6ccb8d8f11ea1f46b,1
0xe4c2b855072e120f90044fc09863377508eddce8,1
0x90f99593761048f38e1b05ffc9807c50260ff578,0
0x02c844016eb93c863d1b32f70392aeb3a5c38ac5,1
0x7079a6178aeb28822a190be8c0c499e2a13f8057,0
0x9017c2af5e55e1bc6b7e8b41bf732a8e8cbbab0f,1
0x1c4ed2b942121ae0766083791e347027383e9ab3,1
0x3b6918661577f2d44532c21cb97641808891fea0,0
0x87cfdc4bfae569088bc1bcc0dd3c19f53da54193,0
0xb7dd0d391f2c3e159a75775d183cd6f0927ca6cf,1
0x650c1521c2256de67757b80f9317be41adfd5685,1
0x57d568c57db17024285665e4fc0c6ffa22ad7e0a,0
0x0ce03bc8d7713ee784661192705ba34bfe19807f,1
0x0970d53054e53626c28a933c65f699e7b460088e,1
0x32b6ed8e790dd1708b5db4621af185af570e7e8b,0
0xa0255ae1410f2f6932c89fdfa1ef8c2277d2ca38,0
0x3243d98e60bf52cd58515fbb6fdba1954443b2f4,0
0x9d320589afdff8b873704fec9097f36e25d3e479,0
0xc443d816a011d720dc8f3dd69390b16554ff2a3b,1
0x4d9b12dedc0f2dae49315f42a9d57989843830d1,0
0xcc879ab4de63fc7be6aaca522285d6f5d816278e,0
0x33acc03b8fc2f16241122703a9bffa57f10126de,1
0x226c6ea7c2c0475449bf49108f0fb7abd6fad02b,1
0xd89dcd226f1f902d060b4f5897edc130d8a7b312,1
0x47a547062e700f13b694642312b1df496260fad6,1
0x8b4245086927b11b0f87015bb0350c29c167d3fc,1
0x62c634b1c3f4396ba42b2273ac7457aa141c6dc7,0
0x62313a505a91cf71448c0a05a2837346f157eb8b,0
0xbb70fa418ead030184a47837942a0603764b7e8b,1
0x8e0e3d4a18aa44904ebda87c5b42545d1cec2e5f,1
0xc99b4a8c669d385b8a8ed9e3da77849e39e0e466,1
0x6ef2c2f490b792bc28ddb76a6738d22833112ace,0
0x8fbd9f15b8b185983d4834c06feee45a06ea9dce,0
0x5e679d5903809a62d6dabe2ecfd58a9722d34c79,0
0x4ff128ce2cb58a424848303e9a7a6a7e6cf1ca52,1
0x2a0b3b4554e017804b19c515fb6a1f64354464d9,1
0x907147b0eaa103eb1075362f7cc7f94bed578ee4,0
0x8f6da0c1662ee72bf3b333d94efc1d9ebb615577,0
0xc5b46513ea71294ba740e115f88b697c26d25c8b,1
0x35e0980f0301119ac8c4a2f9b577a928c24a4ec5,1
0x7aa474dc7c5a04230fb1b0037b42bcdbf9894401,1
0x2910f4d155c8df5072bec38f925e4e36cc0a0215,1
0xffe5f064ce0dffa2d07da52d3a6885772966e68d,0
0xeb9072f14a376bf6d4bf9d0ae6c13eb30dd11681,1
0xf5609a3ce9e07b486afde55d61f2b78e51eedc21,0
0xac39dd956570a89d33d01317e58ab581e0f2c5d1,1
0xf75fb45d296a5822ad68e8b6084a0ad507965313,1
0x38d2eec1a5a2aba1ef1ac8b7e609ae30db3e6bb6,1
0x7174b2892d43b4e7860a09a8a3df611823f73ec1,0
0x79e88163d209c01439a1f17a3bcd349c79e0c045,0
0xdb4d5a3e683df965ce509ef191d979e77543bb4d,0
0x1426350dcf61823487055f802c9d9cab6cd2edf7,0
0x50f3f2deab6e446277e9ab863a763b0c0922e105,1
0x77826782f13cc2ccf86556e7969344b21e7ab0cf,0
0x98245bf6df4d8421cfabe238dc2246f3a4da4a2c,1
0x05b0e0b39309bd0ffe8700cd91dee76ebb1394ee,0
0xb1187fab9377ea3be95fb15f69f3b8963cf5c586,0
0x9610cc87fd506d3d964993da5bb8f260e934b871,1
0x0d9d0168feb24616222854d3c2971dd6d4c3bdf7,0
0x7d31bf47dda62c185a057b4002f1235fc3c8ae82,0
0x99bb6210d2111382c323800ba2641eaa42fea0e2,0
0xe8395239fc0af13edb1c9ef69b307f54b2636c0f,0
0xb5c419f7d9a0b01434c4339922a63cbe264692a7,1
0x4222ddcb7ffd872d04e25457287dcab21569a08b,0
0xa039b3084b6bd5aad9668458cd961c3c6ea9e4d2,1
0x58cdb8b032c64588d58808fd10e0c60fc962477a,0
0x07b9b055644b6d6c9fea1004cd6dea6515575f8c,1
0x685c99e8780e5a7f158617cc2e9acc0e45a66120,1
0x05dc29a6cf687a6a544bf9edce7c8ce96ad4d71a,0
0x1dd40ab953273fd215b40afd021c90d4a4a9c1b6,1
0x3f9d06d42cb2b04ada2d9a8cdfbf63c5206d7deb,0
0xaa916c42e129e6344acd5c6aa5e809f19a8f765c,1
0xe5a922032f8a4ba2d7be0f243e61fb314f2167c2,0
0xffff30cccea52ee7e0936a620df3e7be5b546ebb,0
0xaaa94ec1d5c58493257fa6811503e5cd5aa02410,1
0x3784da540aefea2866ea1a755c321b02b531a343,1
0x3b8cd2ccca98ddff8c43a279b4a952d231950b38,0
0x19d7b4d403a9d3dc5ed3b15ea88671816b0f1d9f,1
0xa17d6bc3396b8b9953e35bf6c7304ebc2dc2d58b,0
0x6d1305bb27232bc121c8075c92978edbba199c6a,0
0x04320594f86c3ab69cac79393b87e63281b17d8f,0
0x6edcaa2ca6bc79f66e4e81b648e6fc2a40fbfafc,1
0xea06602548f0ae6b61acd19cac9df1ce3a8836f0,1
0x263bf782660f54419b3e0dc56bc6bd3ae58da8a9,1
0xc67cfdae7bd350aa3932af5a5c4e73dbc34ff111,0
0x184084004843fe8c90e626697bfbf3f5a2c954d8,0
0x2b313376b4a4129c74dfda0fe2a4839f72b7ce93,0
0x8ed876fded3699c590be3e12cef56e23376eff3b,1
0x3d009e817fd42352be76d161f23bcfe63897e904,0
0x7556478ab73c1caa68fc404d02ea37b1880558c4,0
0xee3c2d93ab21321a8fec55593d5a367d374fcd3f,0
0x1f41d663b8428986f0d0a2147b903c37419de265,1
0xd80a2fa574678500be984f4ac7cb1910a54f3509,0
0x50bd387e5a6986157881889373e4de2b5a337c61,1
0x2b8280d38489a1e4c953dfd7f7a59354c6608789,0
0xa90a8e7ea5a4280d2cd8e534e6a33da1cbd80f48,1
0x071f78421ac4c71604955320f0745a084db75e1e,1
0x187ffddc257b12948491336464e162856070a8a3,0
0xc2259a2c11e61a61b8031638cd3b339563f3a930,0
0x7895cb65e81292ae5da36fd7bd12860a8be37aa8,1
0x421ad3a7111261d03d815bd1c32ab4f052dfdcae,0
0x87cbd58ba04c8a0d26a0242d5ac06f30269a96c5,0
0x9d50b3cd566d0ef6b6969abe270a9ecb51f70ecd,1
0x053221192cd28b2b5eab0ebe3184a62659dc6f66,0
0xe7e7f922cfc016b96658b4a5dd26f59231f3c93e,1
0xfb7397832cadaf2685c7704012648e7cde23ce60,0
0xa5fe8f281da9c360ee81d1e75208edeb26d9e5ab,0
0xacef9bd5e81eb61348f665cada9803445f279d48,1
0xbec6606a5c665a176db1300e24d7f0afee98e3c4,0
0xc8d46eb7881975f9ae15216feeba2ff58e55803c,1
0x428b6229110f0d1d0a9ca679d998b2bf386e73ad,0
0x278df9ecb5d44750864fe69327b8f90c42343407,1
0x2d6bc33b42fed882cd59ea1190c1d2f2f5c2f52a,0
0xd4f758776c276f891d2ae880ee696a8cf38c0d16,1
0xbd7dbab9aeb52d6c8d0e80fcebde3af4cc86204a,1
0x75a7706c8ee7799152f82b249f53f57224cbc010,1
0xfaeab24340ef750f67ee158deaafc82d34f019bd,1
0x57740dd5fed3b8ff777bbbe73e5d7510b1daf318,0
0x27d765a703b59d6d4ae7cc0e5cc459ab348e269c,1
0x713c9aa2bdc82febc3b7f0e07f8a19a99bf6e047,0
0x035c6c8ae5577f8da3d232f11eb047bc0133b87d,0
0xb15d8dfed0060f0cd80b1b04afbcb5e1b1d06a3f,0
0xde002f99afc3a281edff5970ccb1d8df3928602d,0
0xbf2b89dcc2e65fd91e91a3d49721a443abcd8f6a,1
0x3e6a203ab73c4b35be1f65461d88fb21de26446e,0
0xc71ebaceeb26fd219023f50198269073e0720908,1
0x75e1a9485582da07aca2f5ae9fc4044a44e6a08f,0
0x2aef0df4f3c258aec8160a2bf8171d4d33ea4d51,1
0xc19eb01146f12a75af1e33bc9b076cbf969c604f,1
0xbba9fe2f664ac631f4eedba1d6d7094fe7759351,1
0xef2623fef4519158a93e47cc8baf97e0b93cd40c,1
0x71923d23ee4949553c94cfc6bb924f7af75f491e,1
0x232933d5c2c1922df59a665b86dfdd90610648ec,0
0xdb5d7e2dc031488dd4985f6293fd5885e0dd9836,0
0xf651a922bda09370ceb63dd5d983169d43d61cf0,1
0x6f6e153d972273ac473c2ccc6e28b8904b3701a4,0
0xc77a7c5d2d81b37468819ea2e61685ee365b199e,1
0x2fb032ae30ffba7d85b2c96ed6e46251391db884,0
0xa35c9dc9808d286a1563e9423d840ceb0ef8b371,0
0x19e9c6d3fe9c3b52640a97852aa35012a5eedb3c,0
0xc496c3d5393dc9216ff54227e2238d45144ff359,1
0x68b9e08ffac4ac97206c175cb48a1762c93bbbc8,1
0xc56e697016be41b0ddcba199d16845b55803d3a2,0
0x7b4b79c7adb4a7fde8bb3b48b3f133448ce4ddd5,0
0x8246137c39bb05261972655186a868bdc8a9eb11,1
0xdad3fd6c9fb0c2b56228e58ae191b62bfb1bec83,1
0xcf63675a9211d835acae23478c2c988d1bca9f2e,1
0xc877f267e44db97bd512fbd7f20f0aedfb06f38b,0
0xfc7ad8b8dd3afa925b77ea8c81828a7a60d8dfe7,0
0x2ebf908fe89e4ea66c8cee17728360fc7b241fe2,1
0x8895a66e9070e0c73f45775c436d9c82fc815f88,0
0xdd33abc5cf2dbe88da6f6dad71237ef7f7c6385b,0
0xc6a3794f10908bbf49a44d01f8c01bb0f7b196e2,0
0x6d26e6c304db9ce1ef8127f3886919b751240a57,0
0xea5e4dbdecc359253187895bc891f62dfae4f26f,0
0x5c3848241b91ee1a2a904d753c347057be0706ff,0
0x630859479c8f694a984364e6e57eac8ddfd798e4,1
0x89c1b6ece305082faf5665d1db5266f47395673b,0
0x00fc2b542ec0f5a7eaa3f348b842be0628bec2a6,1
0x465045e5fb8f4a7b94ed2efde0f5ec734b8f942a,0
0x2741c7a3159f2a01a19f53cff8972a7812cf6418,0
0xe8e81716cad217b5d00778b4333d639785f396c2,1
0xce0e988d7a03ca112cd7a4d5460f52a035728319,1
0x6908cc437c8bea5c19a81e487a1528635ec2b197,1
0x180539237656f5f7dd338f1d08187f0a40acab74,1
0xceed9585854f12f81a0103861b83b995a64ad915,1
0x7cb8f5439ee57345b37ccff525af97c79c93e63c,1
0x560ab7d0fce2e644bdd33b6659e475ea6af064ee,0
0x8896c344a20328a43f2d0314f9ea825eee7f739b,0
0x50693e63a0abb825b1ba99564954d45b6e45a632,1
0x0b4783433ac9826b610671d50b50414ca7b18bf2,1
0xe46148d4a6a2f129c4b11fddce3bcd0f32321af8,0
0x82627c73caae4b9df870f5a05649d856ee474b04,1
0xcd9f24ee033ec499bc250754067826513d4bb550,0
0x995d697ac37916b79a6a00e07e2df07bdca7c1b5,1
0x347ee2748673403a535f5101df9fc171df2e5542,1
0x282c8d5cad767a93e1e042e33e7a15877a8e6a1b,1
0xac93c9d4de5b83b53f0a97e95dde945c34173782,0
0xf53b2965d13404e5d13ce40c7448f8e13f04034b,1
0x4b8b594b5c1da60094d7fb3f29487d21327c21e7,1
0xbe3448e6cf263048b5e23d05528080445b40b78c,1
0xef009c0c814d21ddb518be2f6d95fce8dda66242,0
0x2c7b40f5fab84f44ae5551d8a51d539bf879e872,0
0xf503c4cac2b5a27f68eee197efb94e6fdeaa48d1,1
0x97333c41aeff21715b0ea0679338545091895e7c,1
0x73cb8e9eef3ef14975fbb7df36b8130e4dc9a768,0
0x71dd0bc531c11cc7262750daabec8b9600174e6d,0
0xf606c1e43b09776852d524d421f865f4044aaba7,1
0x4d7288d7a4721c4e197306f493e848f44174bb8c,1
0x953bb3aa4671b859298d98f70890b510176add63,1
0x466952899a050aa537dc0fed951692ea4bf89535,1
0x691f8c0a50ff1ccdd24de1d483492d04644d6027,1
0xaa3e0e1cf1a888020de490fe6dd122ffafd92164,1
0xe31aca83526af03a4966ec1612056981d83ff51c,0
0x80106c6e3001bbd2620e329fe9411d4de371bb2c,0
0x8636fa411113d1b40b5d76f6766d16b3aa829d30,1
0x4f6f23bbdc2fb147dcd27df496aed4f622773900,0
0x4d5af8cb8fb232ebb2cd051f147fde2af00327b0,1
0x3a4e30ccd548b54d59ee5267bb15c92a97aba165,0
0x414bc9673b8547df96a69ea73aded77abb8744f7,1
0x4c9d50ccac81b7473c222845531dc37f1c416166,1
0xe12d52275eb64ff18680aa2b081fef8b736cd66d,0
0x770aa085c0c678a121c8b69eb4f9138776986cca,0
0x9655667ca1203e9a2c8ea2ed59558f9ad0accc87,1
0x70c8825cd741be7750bbc462c776b6a3b6f39551,0
0xe5a03b497f675e201a78cc6fdef9a8c76831e60f,1
0xe34f3bca96a35b60bd306401e3e8eaa2afe0356c,1
0xe1e7ba7f42a262069b8f296be7cbf9bff96f4ad8,0
0xf5681fbcb1ffc2a281049f1b800572f6935eb97f,1
0x5fb1a7c90fc95263582d9703e07c5b1c147d488a,1
0x01a4582fe0a70e0b7edcef5f6096ae87499fc1ae,0
0x11db92d49007bc62674e669b255f62622e8d96dc,0
0xec7b466d8e833dbc36aebc9c05cb496a4709e728,0
0xa05f68f2b0d3a1b77e096dbb20f96b3c8383a723,0
0x87a46d077a2ca8214b3a086b73a755b65c5edf14,1
0xdc071f61e4e4034e1b603844ae9408bc5a58062b,1
0xc7daeca224034042b5f14f71d6494182068ba2f4,0
0xdf238f5161b7efd526efd8067086cad7497f3b52,0
0xb38ff9b26cc362747b9b836c0bc57b188a6fc19a,0
0xd436df8a28ba48f534a4e65dab9cb8ff903e7e62,0
0xb85ccdbcd899a1182347f8679a989bb5329c08f7,1
0x50826dde258b2c4641f18aa9364899ecb75dc806,1
0xd477c6fe9c8fd0a2e477cf2316528bceba04377d,0
0x99b205f1b5169a5e77f659a85d58315538d3d731,0
0xbd8e9e39ad49d2607805b77951c9b284e4e8cf31,0
0xaa4b6b4c7417248df49dc484d5eb9a4377a4c7e1,0
0x78b93be6e70ccaaabde145e447eaa73f6a91eda5,0
0x70ec29bb2d63cc4fa10dface1fbe1c3a125c8598,1
0x5a71bd4090d58a41ade2f036899296823522c2e8,0
0xad5116d1f9f3d2816935b0df95a58750745eb308,1
0x1d36c3e84a60b889d3750e267d3636a4ad66b728,0
0xb864880a50de28cf0ffa4ce617d0f594ac3dacb5,0
0x835068d09f071a08e04bc73d53149a6b5abc52d9,0
0xc90e2eb292575312953ff2f528c8ba77eaf72530,1
0x907efee7045a03edcf925918628d6994bc6c30ef,1
0x8c6fdb5926e31994c9372f5907508b36aca500b6,0
0x0caccc14b9db445c24eba23d24ee8ff28f1101e1,0
0x1a775079fde189642ec93829e298148813274bff,1
0xd7cf934df289dce2d42535b56d300dd4ee4bb208,0
0x446bfbb5185d79dbbfdb77f9ca81c51409c0480b,0
0xb552d2030532b11e67f534708e05d5c20357b776,1
0x5a5e7338a2c0a3959d4b7ac912baa85d2c2beba7,1
0x3dcff2782f07b19baed2f992e901d2d8990400d3,1
0xc506d287a413ffa622812c125d9414650e0470f3,0
0xddbe58cc182dad04e7558aa94fa902b420feeb58,1
0xb04e7243abe8b66d2a46710a4f09605181373e08,1
0xb58efc2ca395e582304c3d333549191fa1464483,0
0xf62e85a8615bfcaa79f5b8847b379131e156c293,1
0x08ece4bfcfc9052edc19883677bbd715a79bb24a,1
0xc56321619b92b850c7be958574d8cb928d7312f0,1
0x1f94f12ca79b6e656f3d5dee15aebd6d62d59dc0,1
0x132a26c0e815704ce64283f4aab7333ccdc175dc,1
0x2150ee1a4be2178042dac86983ae21cf9fddb7f6,1
0xc4a30458b226630d3fa9961c24974f4e6b043afe,1
0x33e75fc1d809b5309d55a4d3696046508b521a2f,0
0x67515595d013c0ee39f4ba8603d696fe0ec4bf31,0
0x44b92174f8e0f63653eee574913bf2f91b0d31da,1
0xe68b28e5f00fcd1b28cc70bcc7aad4c38bfcb3a5,0
0xdf3fb2a51568f84c2fbafea5f8ad039b8d931b12,0
0xc6d96cd7e5a8f89124e8f4e6e66c13217efae157,0
0x30f662d7b32be999da54d82027c171261bc50e9d,0
0x1007336ddb520de5e02ecdbcec519e1a8677a642,0
0x1795011ea0d47f3dbd757b77fdaa3f0366208237,0
0x541d1b71666b28b62368bd7bd8b6d208a9cbfb09,1
0x6113812dc9e1ca33b18dc169f3d8bfe2ae18ba10,1
0x8d4daba34c92e581f928fca40e018382f7a0282a,1
0xd8d76dd520d1e315aa646c460db0efa1081a1d3d,0
0x3e002bfd6f59cebbf2c6f08f4785b6dc86e6b967,0
0x5b506d6fc909e8477160dab22bdc70b54eb81ea7,1
0x62c956b67c50b82a51395c386fc590ed5a47d996,1
0x919f762fd6117bb35ca34f9e5a518d30e1e41281,1
0x56c5d1c498d41b2b2302c737445716c861e21e8b,0
0x8328a305f21ac6cb0deb2897760013f1529fcb55,0
0x8fa3aca9c712f3f582c8c6053e465c3f4db3cb83,1
0x988cc75ed920c4d90a9c7c44bf50b2c0d8ff37fe,1
0x4ee220058fb56b9d2af8d741b2ad261eac3d8d82,0
0x43505e8029e4738aabd7a66247bb9204f9043b0b,0
0xafa9057dea4ab5e3e01f5526c6684a0ba409e818,0
0x5806f01e3196a81aeb72eee0de9f47a52bc1b232,1
0xe158599fbdd4b8f388f31c3885745f29f4d1214e,1
0xde499cc69295e266dca857ab4df0bc6a22a99142,0
0x8a50af37a7a3f689523d2ea2c2e2940a17454fac,1
0xf9e1d1e9f22c96752356adfd377231528c7e851e,1
0x92451ccf65d681ecb2294114795873e63a4a6883,0
0x8165ffc492b66f6a577a9a954e78e1cad9a01823,0
0x8d580b7c67a055656a4d23bb8d3f647855156585,0
0x336273df2fa25e9e5393985ef27d6dade1991796,1
0x18cb407cc6f65ab1883aa613fbea8aa4bf2a22d1,1
0x3ca941369d37fed940552f81a7d72a65514cff48,1
0x59b0ebca5a1e1ac62061b450b24586e2f31c91fa,1
0x6363f3da9d28c1310c2eabdd8e57593269f03ff8,1
0x18de11332541c3ed8b1c64fac05c10c26ceba9e9,0
0x97f0a2cc2ffa3be838d24aee0d3b0ad60641031a,1
0x40b2082db1f07eddca12740477bb746639fe722d,1
0xbcefc42fcbe9d512f9bdf6418a928b048fefdcaf,0
0xb963fa652274e887e7ab9876f436e054dfb3c3cd,1
0x2834123c30d7c16d1a7337455505216bb37366d4,1
0x86687168b2b9c34f2ec2fdd0d1bc07819eb872b4,0
0xf64db6d105c7dea5a40c22593631de99a837db1e,1
0x789b95486e0620b94995ec06979287bee7f9dbc6,0
0xcc7011921df599cbad83777106a267e340474693,0
0x37576c9ddeedf98dbb7bc0b7808425afda93d0c5,0
0xe855f2fb565ed70dd14dc278a0834fa7814a62f0,0
0xc1b7940673f39e3c079a057d8bce10cbc3253e6e,1
0x68779d426a2c71bf3d08c699ee97a4feeee1c0f1,0
0x7c2a351db0c198d705e4feb93ddce13613eb65cf,1
0xd4168ff022f4c87c641df9df8551ba2d7ff54dce,1
0x4d2a353dcd9b25a241382241c9b9a27b7cd08f20,1
0xad5cb65f7a28c8d7c10a7481080eadab7ee801d1,1
0xaa2f4dbfae7eefee3c9e4a587593baef2e1b0d55,0
0x424c5f92a25d1349c329665f875d60bfebc8080c,0
0x4718e39351c975cfe59ec3d8bd9f3ebf6526d696,0
0x8dc4b42dd2668c3f94fb757cc2cd0c31f5e85056,0
0xeef7640beeb862da6b73ac2883662f3379bda383,0
0xf6c84ca60644df1e963c9021bdfd74ac6c687b65,1
0x3f9c933e7238e200383ac311910c88fe09a4ca1c,1
0x31cc30274a7c8c62dac5bf005bf58a9f8d6470e7,1
0xaf10fe2402eccc8181b5c6d093fa46079b831bb7,0
0x05f1e3f193484611c02ec931751d6ae98af1b568,0
0xde0bd4b65e3df3ae4423ca138ff8462e9b8ee0cb,0
0x35ea77c9e6c28808b42541671dc4b89f250b9d1c,1
0x17dcf45a9e7c2db080153de178dcc2e009412048,1
0x51cc942f9f7f9a37c61b05c14f6a0c36762e5913,1
0xbf60072dff0d769f71e21c3769e44395fbba465a,1
0x4a2b76a164c185a42ba92a0b94e8454d7a200714,1
0x89ab16952fc66d7e50c6d9d46d57137edd5a6ed4,1
0x0b10d1a2436295b40c8b0336e1dd4109a0607790,0
0x0ec2991a984c03fb3dff77cca278ef3bb96fbd40,1
0xbd1ded3bcc8103028c8ebdc61990ca777709b10a,1
0x750da7f1a6932f2f90521b621ec7fe0a44b0bd89,0
0x6da67e80651f426dae1c861112d8108f76482be4,0
0x8c7960e2d1a085e42c9db3858c014f7315a8023a,1
0x1341df844780b66af4ccc98ae0f34be87eabe1d5,1
0x43b1ec35ae062dac2a9ea5f0b931d5885650e699,0
0xe9fac13d4b07654df039eea81555a8899c4d0138,0
0x8888813bb44d6df8774fca2005d88ecd22218888,0
0x85400bd71e1a94802e6c9ead32a6f79b74b6d787,0
0x6a9652e0921e7ab43aae9190cc4b8bf9025b9a89,1
0x75cf8d888d163f9bebdccb57ae7cbb831c470ad3,1
0x59f8cdfbe5a5e793ff8cb34e6a91dce8119fc294,0
0x69537c400bc2e942230d5f16fbc42a0a6755fbf2,0
0x7c9a70711247b449057806a3a6938a904ffe2585,0
0xcac72313edb970abb8b4389802bf17a4b0a35fe7,1
0xc445da50851d84522a95a6574544698bc0951754,0
0xc8f88b4aef57ac93fe41390194c3a4d77d7df744,1
0x7c3019dcb7d7680a4dac19e3d536fb5de22befe4,1
0xdb2edcc7880f0071959e2f6713cc335a6690fc84,1
0x0476d8c1a93064d7ec642798c8259d7bc0ea40d3,0
0xbcdbdacb68c6c351e2e4e6f359eeab75e40e269d,1
0xf66513f8eebeb275c3b178ab9412b965b940713c,0
0xb7ea0d72c0af95ddb9ee71e68dd14a5719b92bea,0
0x7215340d449c6ae73334e75d95e1d7596d802704,1
0xa801ed2b985ecc1da07eb3170d46262f9779d5b1,0
0xe677a498bc531f1d615cf93f890436da548661f6,0
0xbeb3467fd9d588611d5696661d1d2d5102d9f628,1
0xef330d6f0b4375c39d8ed3d0d690a5b69e9ecd0c,0
0x404f625a6aaaf5b842ac89a388e4d8554d48b2d4,1
0x113607267004cc98502e06a3c3abd48f5c5fe645,0
0x812b9c3ea2c49bec95d0bcda4db39513baaee261,1
0xf0b2908c638bc18f018933928d079f930a3c976d,1
0xf13aae7dfe37b82452baeac0b6e204d70c59b719,1
0xa8d45c2d2f7c08d111eb35e035721551f339772e,0
0x863bae79e399cb0be039ba3f8597f03fe1785ce9,1
0xab000f9ceb02cf2389a0a951b8e28ac6ba7e1e92,0
0xa56aec80517fd231d7decba32f2827dc87f62c89,1
0xe045e1af6919fcbc4174d4d38a6752e2cede3e5f,0
0xa544dc85c67964bb6ce10cc281fc3228f9fa4eda,1
0x2f2fc34e798a5884efb4022c8caa402baf94c35f,1
0x4739add580fc54c5bf1c1c197e28793f05fb6e63,0
0xe28d4e1f1dd9b6dfea51457aece47ab06f207348,0
0xa853ef9310ef641eca00553405918f0d7e297614,1
0x72597de06e58ad98c6f66c6cd8fab1dd9f73a2ca,1
0x988ff7ba51cbf406acd0c3aea05625344fe523be,0
0x50fb20cd5dd9d70a60a17ee0a3a0efb75665b030,1
0xbaee368a070b4824607d502d8bc30d44d89c2805,0
0xf9d7d000e41deeaa6701c5a7a618a38b2a56a33b,1
0x1b7693f19b44a629c2fca05a7c033972732e8705,1
0x3e720f62db92cfc9f486c9d739e7753feac83faa,0
0x26115783a13bb5029af1dd44d892fa70a2380a59,1
0x769beb090358c5b30623eeea82d7b02c73d7e970,0
0x0ff662758804813efd5aa8e2d84fb5085e69b801,1
0x8dea94ac7a9625e16195961059f88945aad80472,0
0x222abd1cf0217736e49a99755c41efcbb0c41568,0
0xcbbca7a71889840ae44974436bea1bcb99c2b862,1
0x661354f8d7e5eef252becfaff85782359703a7dc,0
0x8cbb979e5d5807d0366d0a65bcc7385173fd1b97,0
0x162220a86467070d55f25b1b1ba54b28cbf37b47,0
0x3fe231336976a918ac9a30136c6a728efa0046a7,0
0xb56753544255746c4e9647df7d2e641f8b13c6ba,1
0x20be69b9f9b51947033975d37af477c1a4bdec95,0
0xc634eb62285f92356fbd2f383eb3ac4ebf40b29f,0
0xa2917120c698fb5f2a03e3fd3524bda85a3eaef6,1
0xceb3d9d32d229d4ebfd48f2505ce6c2900c8da8f,1
0x9af8df64cf966ad71188ffe39466f0b4e1adbddb,1
0x357ef9e72740e88c471f97c77d88b9cc991e8306,1
0x435eaa78aacc3f18cdaa91d58e23def178a1847f,0
0xc316c071d6e82f0c7426e5a6c7b2fb6a2ba9fa72,1
0x8222e13e4162adf6f508e3ee7b470d139aef7140,0
0x409ed6cc5411d95122b332a20d3e9e0a45529bc5,0
0xd281a60dd3bac958a7298b9fed34b948d07ed6b6,0
0xbed2ff9ecc33e371980987b6b6613f9b0f4693a1,1
0x70afce457d416779738f25fd932760b9e27ec8fa,1
0x2a5b4e78a4c3352e289c160e4cb9e304be2a8b3e,1
0xd6de23bd30fb311420544f34a97bc2a716a1dbf3,1
0xa372622ab5468071132be91c33cb54f004a22d28,1
0xb4f4642997ab9952761ff2f00d12b251285fa867,0
0xee5395ebfd088b7fef64919ae4301c2075b558f5,1
0xa530b243a20cb49317288ea530dc8a03b0c0ed63,1
0x7c73f804645ecb8f8767d6c8137a04b1da632fcf,0
0x152a3a8f02145d5d40dced687aa4244e2b76c79c,0
0x0959d32b849f65742235a4be9b0112c87dfdfc3b,1
0xe3d5eb9a076f0d63bfc716a71fb20be54c1bd8ea,0
0x91eeb45b0b9bf4303180a8c1ecdbbbacc29b31b0,0
0x2042cda98adeb931bb6bb0a90de94b282fcb6d53,1
0x08152b6f65cbee1618fcb0e21b27a995c77254db,0
0x0b358edd6e7eb4b38af3ddd7fcea775254602532,1
0xe14d152679429083f5e3155891c5342c2d8251b9,1
0x8a1918c98f65cb32fe503b9ac008325bb7f8ab5e,1
0xa65b31a98a2972b064e9d72c1afd4921c130b809,1
0xf9e6028cffb7b8d055219b97829698943b149222,1
0xd91115cdb85bd460470b828b965bdddb8547bff1,1
0xdfe9ee03a0940466b015bf8bce4607bd77fb5d83,0
0xd3b519d9fc082074e9dea8efa2b8e4beccd39d48,1
0x7a6d2a5ab4741643fdf2e51d44e0382c9005e27f,0
0x9ae452e5bd703f0fe1afc79776137b38024d4f2e,0
0x0e95a1820a60bec58028bfae23ec830ac8ade0cf,1
0x99bdb0e0d526a43a03026493e9ca4930964e3362,0
0x1ba266a525e899e93f8796770bc03b3d782dede5,1
0x3d9ee32b4d8c5f4232b48a4d05e9325b23fe7a61,0
0x15adb409edeea389e5daf3a870e7eb2b15320ca4,0
0x644b5eccdb246961d246298122a2bafa9a8d9fb2,1
0x34d1cf7469234dcefe5f7ca396fc369ed7d2b758,0
0x14190083645da88b847813581e009a505ab0518d,1
0x885145521348c8d15c6e07a3e0b2982c00839f38,1
0xc2e0ccfd52326d9db2ca7fe8ef11018953244e97,0
0xfb1b4e379c150b5a8e5b32dae8204d0f425a3427,0
0x7c5e1256df9a9f209c079fa2416368f9b1f01507,1
0xfd9eed1254aebb29945915863531665d47dc5287,0
0x668196249b5ebcd2d448ac3d13e1f3364efe95da,1
0x5ce6b303b0d2bca7ce9b724ba10210d1684c6b02,0
0x55a6514978e8f72691454617ad187065f729d07e,1
0xdbc4b47446549887dce9705cff35f8aa43da7df9,0
0x2d4ed99231f29207e20b783e1474af25c80c8fb0,0
0x0010108d287e168d93c6c36a7ae1e48099969f16,0
0x512e4455588d105b7c27084e0e74de12704d985b,0
0x64672ea9c76d6155a425f28facb86e1d96f5a3ba,0
0x4a707196071e2434cee32cc51bf91d71bc3fb7d6,0
0xef3e335f9064d18c41a14b2e39b4234ec85e860c,1
0x7b2dc36ace28592432c26c2cf6039f0a2b83db74,0
0x8de14d1dc6827c91d647f7d3b81b4257b03d19fb,0
0xfe178becab56dc09dd095850870649b247b2dd3a,0
0xa7016c3c05741400afe1cc111e3d4bb2838fef72,1
0x59ab8c4ae817afb4917913d506b37d5bb9ed3a12,0
0x6f4bbab4bfd0d82ffa1d1a9d59d29a17fd765f23,1
0xd6cac9eaa8f93af1e07882ef7bb65632f9967980,1
0xf404b564e6629e19ad5e6a9981940952a0a19e70,0
0x1a51d0abb33d2a06c93b448528349e4c7fc6fba5,0
0x04a02c6345460709aecf6a2a5e1629510c079b78,1
0x99854d44b0dfe22f013df7380dd73141be174483,1
0x23c17b2fe71220daa0a248b51dc0e66a3952193c,0
0xdd78c54540dbffdb023d9e38b631f43399765aba,0
0x874188472183c3e8cbe41a6268a9b9d8af14ac12,1
0xcd9aa1d4ddf05cf4949d7c6c74a0f04c9e68403d,0
0x48920e8565f594f991729e19fcad230c73d4032b,0
0xd3e7183f85af100ebea219a8b831548360096639,0
0x6406601b855b6e21c6a26c0349793837d78dcdd0,0
0xb74e0237644d4fcb6f94a36a17bd7dc0d69a8b54,1
0xfcf0d1bab728beb428df1cd5126a14884309ff16,1
0xb93ddcd31a64d79fecd0f2dda3accc451fafbed7,1
0x9f7adf484792e738ebf33355629f37d14ae699ef,1
0x6e5c200a784ba062ab770e6d317637f2fc82e53d,0
0x91215d71a00b0907ca67b25401172ab18d4b18f9,1
0xbda91ba81aa1a3020129f7dc261868be80e62e1b,1
0x3b13c2d95de500b90cbef9c285a517b1e8bbdcec,0
0xa3c8917671f06f51e16490172ab984e7cdf0e039,1
0x67e5015947709d3e452b6c85ef9859045e900ed7,0
0x3adfb01e4aab220edc99139e0c09301f9b02ccea,1
0x60fd08ffac8d18a602bcd4b479e137e802053a18,0
0xb6ea791ee66c6813798743a5e5f11aff170a1eda,0
0xc4b2286be2635a4ce1c986edab361f7391837cb7,0
0xf50f4faf4db8c0ddf3ffcbc5b5e685da8f483eb6,1
0xe29a4fc6803f864f09badd8a15be7c09873fbf17,0
0xb83c6ec7a80ae224f6655033feb521fa6295750f,1
0x922b8d9803a6cfc60fa6bfb32ac9c4a8fce4ec57,0
0x9d153ce671c1daec89ce05d8f959d2f73f480375,1
0x9a016b7629ae230033bb71f6506f9ebce2f2ee57,1
0x403556ccc90579d6912ac2ab695b128852d30e69,1
0x29028656b71c048896f00c2827745aa2f030ca49,1
0xbf8900da8eff028a1f57bc206b96c22f5751e5e6,1
0x168261c29a56b32643cd0fd4430d0b516e0945c6,0
0x86e9d426d1b6d2683058dff16996494436a8c34e,0
0xef442494c12103d16ac7e911d02ac7b72c0425a9,0
0xcf3c3d8bc8a922e5f2aaebdf6a76436c381ddf03,0
0x59f1875986a5eac58bf4959789fd5a3a3cb36c6e,0
0x2e1c82c63c5ed6daf1fab858295edbe69d0a1dac,0
0xbabf6c6b576dfda55b80708f4399bd872f1ca85b,0
0x1f3236f64cb6878f164e3a281c2a9393e19a6d00,0
0xbc2e26ded32a96911b65ee2283a1e30f077bbc59,0
0x22ceff2ea861fe52ddb9ea8ccce903694b01e624,0
0xf1d0fadf8f2e68bf28aa6fb1c3740290f3c43ecc,0
0xe547cb0232ca320356adef63f57939b315002f09,0
0x9250dccb32c94125326c5e4dc3329dccb2d804c4,1
0x4a7237ce7d7ca614d3c3285be390fac49e9b9eee,0
0x00ef585718b4720a92c0acbac9fd554c7d4d1b37,0
0x8bace3a49a375027868cdd34e84521eed1f1b01d,1
0xbcc5ae9e8588b162fb1e62bf6e25c5f37fb3df9e,0
0x66999453bb0c7e06aafaa408c40e3da6d36a3e09,0
0x37ac09e1640577e1d71e3787297a56b58f88f0f2,0
0x604a374301fff34f2366f5545e6f6cce6ba694a8,1
0xe2c3d8a488f55e0fd322bb5b3fbb3f10f12efaf1,0
0x5aaaef91f93be4de932b8e7324abbf9f26daa706,0
0x3e4984db5ccbd88a8e043090bff068a524c8c8c3,1
0x7a8d3afd3dca17a732d6c38f4f6052c1ae3411c9,1
0x79d26bbdf03dd196f70a807e0bf84c4b2f10fab1,1
0x4bdf57007be460b851575d833d6b4ca0621a0526,0
0x1db9bbdf4849b958b04224544a0c3381426fa786,1
0x2d9262b585a846740de183125f9fee68d6e80ad2,1
0x28c6986e87186e287327194df306e58c41f4da81,0
0xbb14199294a45467b760db495c0a767bfc057f8a,0
0x3723a3c595cbb47ead3fb744b4eb90c2fa3371e9,0
0xf0116097dadadf896318554ebd22237a214ff6ca,1
0x1eb3a3f8719a282b0ae51699522ffa0edd5da563,1
0x880f22d123682d768c39d5a04af6b0f778750a7a,1
0xe16cba5169b4098efde1382ee51a2f4c43a7a911,1
0x9586368ab35461f5a1ccc0cb44b43b14937c3eaa,1
0x7858f91c6752400f2234584a25006335be6d09bb,1
0x4b780f932313f70173af6618dbed2406e5c95907,1
0xc0486dabdac1d03b6110a6285d4086bb423e58b3,0
0xb0d264f5ed28af635911ed74dd4a1c0732766bef,1
0xaa58479f8a653fe21ddcb73eb5dd7861ded41d4b,1
0x9dfb81bc530ebce1944bd2f5b035707974fa6ede,0
0x81f23a682c552e458a86973587f4c7754d11c842,1
0xc14baefd5631ec25c9e4d02f3253b1e59d848911,0
0xe10f96b27b27b11fb672d37308867d48775196e3,0
0x906ecb18980375888b66a81124428d0819989a86,1
0xda5e3b5fa0859c3091c5b956ff84c7e43882ca46,1
0x60fd04e6c67fc2932fb4d7dc17e70a1901ef4e64,1
0xc91b8226076a3b57738efea988be657d4b4abe8a,0
0x803f27deaa1282653745c3abbd71df11e758944b,0
0x8c97db534cb430c18a71435acca301e8e19f1ab4,0
0x1a43a5ee8b5c42390a66ea5315bee11d90e6a102,0
0x6086645fa8ab80e0062b99b805950e8682540fd5,0
0x32edb603ed21775f8d6063c77bccc6e3604da2b7,0
0xcb6e63792e2e55a0158fb6733550fe83c06db080,0
0x49b705fa04841eae530568dee619bf8a4bdcd423,0
0x543c7ffd57af16e1771881c5471a9ca2c5be17f3,0
0x0a3df7d16cef101f65d8f7b656433fa2eb74fbe4,0
0xd2e8a8de3c727a1abac458a2d9aec5672a637bce,0
0x949e27b62e5b2d2566a76581380ce27bc9d7cdc4,0
0x089949897e9c4f8b6f76048d4099419b5f09a514,1
0x97d189a3f556a146c835dbd4af5fca3fc209fef9,1
0x7a45d2c954b060c2bca4f61b96e964506b7ad8ab,0
0x0a398e0d7a155109d3acc22fd0f63f2c50707502,1
0x44c3cf2d964d7b2f9be5fa612b0cc436720f6ead,1
0x87d96c3ed01d574d464a1d5e7748d01939108200,1
0xce90f7f63fb5c7caa43bd6a9108949112397feaf,1
0x6e89216b6d5c8fbed5cdb21b7838b801b9a9ca52,0
0xe69038558e4ef8066cb482dcd6ccaca1c01d653b,1
0xead7db25418d4a565bf666da477f173dfb1b5562,0
0xc96ad9cf5de1ad8ca8ddfe87bd549d78cac9d4df,1
0x699fe57573f418e9670fc84b30b3f7523f49af8b,1
0xb6c50f4dcdbcf91e10aab06db6ec839b0e7ddd00,1
0x3633467c0dfcd76f13b5cf45bf08d1c29e917889,1
0x65b44fe08fa5b85de1f705ee3b00d6a78c44a488,0
0x5ed780d4a88c27a50c246da55ae9b6c8482b0de2,1
0xdda23fefa9235e1385f7f339cd32ae949c27894f,0
0x722461f421e4c7689c07cbbfd30d9d3ae99c21cd,1
0x7aca3bc5550113e6750e5e787ffaa53a65e8cdaa,1
0xa25bf75bef263d8b21898f0c5523ed010475dbe8,0
0x95452caa686fced5c7dc385ea927edc6716d8b38,0
0xc9ccd0d6311f2fe7c1d8d4c28396c700f47ce452,1
0xaddce844a5e3eb644aaa3d43c0fcdef788c11aa1,0
0xedaf58a4a3ee38b3ea6b4462278555fbabc6b361,1
0xb2d211034d694b23d4c1b93416d276f7bb9a10e8,0
0xb6af0e59e41f75552af00138a9f62acaef2b6254,1
0x816a22da408b541e79c2fd2cd5c7f5e81bd2d18a,1
0x2214541b2bbce7b3e2d7b6a48bcdbda914e09105,1
0xb575af01b7385b8421bfd030aad6973c4a05e724,1
0x71936837b9aaf32511e5062867f5f4a59ba0ae69,0
0x94a3c7c5e76bbb4f24d596014d294bf20739f01b,0
0x4d3874f23d61d6130c152b887e7c0a14d15f5853,1
0x7e34c4564edb5477f07ecce29b4a1329441a63b5,0
0x87889e2aa5b77f7c9c5695b61deb9233a154458e,1
0x41b53c7d0c00cfae57b3cec0bdfb76b7d747d748,0
0x39d40af53816a0883213587337c9968046da5c92,0
0x3d836d7deaff6055ef2fa8c2a3e31fe21d8dbcac,0
0x8a9c604de6ca68c1d3c321541719e2ceadd92c9b,0
0x0f94ee03395655121c4c596044f5de958ef73dc4,0
0x19b0df7b9dbf1011e2ae8719c387ec68be3100aa,0
0x0d20dea491abfb7e374877c6e9629161d3ae4ef4,1
0x7e09428efcb471ba304b0723679502c01161f50e,1
0x96427109835d2cb6ba483a351c576b127cb28a41,1
0x4a1332be364b686ab1a1addc47287cfa58f51ce3,0
0x55eeee5f33036885c336a78564522e89b69c26dc,0
0x09ce7fbf0a727295f2016770e784d0fc878f4847,0
0x1b11b544fa42e1709599606bcaa0928fc8b21c06,0
0x989a1fcba9ee13f1142b4008b556663322ec6dfb,0
0xd5b9d8cd20086f851c3133be377b1731497ee925,1
0x5016fc1dc2ef58fafd741f0efd91752d2b8cc155,1
0xfa842c1a73fe75bc9f1c80b77ba2486ce2f545de,1
0x5c11849a6fce712059c9fb2bef02872861714fa6,1
0x2061530bdd693b359761b378b05e1d55abf98c32,1
0x8ae40151b6aa2eb890c5d233f68f7649c381bfb1,0
0x74be98ce482df6f59b3c01fcfdcf9b9eddbb4a98,0
0x69431a2f2da88de95dbf335f02ed841643c928bb,1
0x43d323bffcac8afc949d8dfc1b445a746bbdde76,0
0xa80fdce8df31e36b89bfc265da280b034bb88f24,1
0x98b69d0b81fb1966ebe0af76789425706e5afe7b,1
0xf4c5f8606dc13dc688978b678cd3d497231b0d15,0
0x07d24b4940f889691d9ad25981a3c0d9465c754e,0
0x6046d412b45dace6c963c7c3c892ad951ec97e57,0
0xc898f50196ac37ba35f8ef44cfd49b7d8f08308c,1
0xb83090bb475a6692a4bfa70ef2f3afa10c49deda,0
0xa58112df57a29a5dfd7a22164a38216b56f39960,0
0x5ead4f8ca8396e289bc5ecb951901263693949d2,1
0x74a2e6a985b33454d39a0b333f51c3315cafc125,1
0x9b815dd3e2d30cfef33266fa4c6a7b37bd99edfe,1
0x492601d4af4512d41ab78968ab4fa1b5e8811740,0
0xaa22282ade847a56befd82f2950479dfb0cd4f54,0
0xdcf5fe3492dfdb31e8d4e953cc1510d85ae001e0,1
0x471b24a188053b4efaf17f7526dcfa4771884888,0
0x91d00b76fb2633b811c69a56c062268e58bab1e1,0
0x9b39a8f3612e1b5ed87dd0b9cd632db66d29b70e,1
0x450ccc4b7867de90d9e8dc7db6d9f9fffc9ed9b8,0
0xec8f5798b595fc4cd7716f8a4a5f38bcbf106be0,0
0xdc3ed2238350aacb484aa6b0d17c4fc3353f0046,1
0xe130af21658a1e9216f5988f118a91f80384abef,1
0x43beaaf55b402a7b59b8d2696ec040fd09f6c001,0
0x627ef281af2e0ec9741356ab431b9bfec6530750,1
0xce0e1766269e63a87fb1c1e5c745b1db32b5713d,1
0xd7439488a1e2d4ff3510c45608c9955c73a2638e,1
0x35f2383cfec184f9edb1c787f865b0d3ba46367d,1
0xa3df7089ec710e5a10acbacc623665f98fdc4bdf,1
0x615fd99a1835f572486849fd563384e3a47c7597,1
0x04fe358b0a86c1e584b9869bc555809b98d52229,0
0x1e086914be0f05453976821781a197ade10fe30a,0
0x5c1258072d089c471d19425d49eb28e60a53ca09,1
0x60d77d9adc1dd1dd8d4c2776bc044aa2143b874e,0
0x6741b94ba25001b9177183335c23141110acf4a6,0
0x7944544c1c573c68a3d515a8fb586abee9aa62ad,0
0xf2d447b3e49a99645b00a4f8b926718aabbc96d2,1
0xf4884ce82ee55ece5db07044c374ecc86e7562d7,1
0x94c40566491ca1b0ce4b2324ee4c2cddeba9ed77,1
0x6d5ba217562bd88c85acac09cb306bd74123c26b,1
0xa7da45e4e95acbcec49fa22427142f7528e89dc8,1
0xb9afb68de4e1f89aca813ca75d87bd86a1a17aa3,1
0x8a04f3327c00c270259fba8431b32f40e8160a0e,1
0x827c83d1172152f144490b159304979cb12532f9,1
0x0fc02f75bcad9cc70ee16f79fa58fb9adb5dacbf,1
0x036b8c9f7c31713c3a47863afe0031630395facd,0
0x4ca1d0baf980bbd947c83a2c0cc618cc2dde3f69,0
0xf719c10a6df1900e20d6cf1789793da7867e95cc,1
0x9e1da338aaaf1d802b0dc3ae279c44f431500838,0
0x157948ca8d794c9f8a874c516edec858a36245a4,1
0x2526b26d31500d8d7711b80e22a9f48d2142a2ef,1
0xaa24f03ce0054041dad876a9593272fa289d1002,0
0x4fe1b66649b816f9e9a61f0fb1383d5c54bff5d4,0
0x44d866fca24151a5720d82791eebc727e9ffc176,1
0x27df3942d1d89bb64dc84d72aae0af8841ed6459,1
0x220e13497c1229fb8228ca7c35e713e53add9482,0
0x4fcb2161e087f3a4153545a25304bd4e123a0e07,0
0x722def655781640847352d4d01dd87e128c3da62,1
0xfcea6d3f44c387d756ead0eddcea216e9eb06740,1
0xd565e17047b340bac612a879429e84f50394625a,0
0xf2f192a49c7abc48ca7b50e615bd6d731ee0ad1a,1
0x4206c3d5083460411e76dbd30504fec3b56d387a,0
0x5eb3873dea306aa8db0ed5e09b5e5090550f1b75,1
0xd5bd29aa9816f2140bfe283a5b3a8f42d2060a8c,0
0x555e82b810caa6f6675054994a467d1653007f5c,0
0x2bbe9ead8f27d7e3f9a626e5fb2d513ec9c46588,1
0x7857f6f02d2aa86633da6c3707af79b7d40569b1,1
0xfdbbac5a134b52f5ff2d7ecf895d81e6694aa8d9,1
0x7732e7c9683dd2239aae2bdaa3c27a56ba70637b,1
0xdbaf6f4434a3b60b7461a0ae50c2083fe19d5cdb,1
0xa956b47b7b794a2e1e063039f83a9da25fafee7c,0
0xe1b08f07a20a2369a38f7e8eda07e634a50552df,0
0xef7425d06ec7da40aae85f8ff849223ef4b1587a,1
0xd7c4a464f50282447536e59043efe2382934f8b4,0
0xbe55a502bb967616d5174d420d0e810ad46ff2aa,0
0x7e41ae5b1e4f85f1a4628bfdb1dbdf041956dc12,0
0x606cfd3a4e7bee0fdae596854819ccf12a068eff,0
0x8e60b055656beb228dd78b843358517be4e100a1,1
0xf61e5555051707f4bda5cee9e146d5fcf03756c1,0
0xe4abebddb107247547e1dea9257fed298bd80e44,0
0xa6328ed7f552a34f2b020b13562810f3ef8e738a,1
0xf9c991e5e84954561a4625a0dc0d879fd7fbbebc,1
0xca2ad4693411c5acb2757b3839ce792f4bd8d8fe,0
0x1af532f2486b2d5fe5902f393eac361d44889e6e,1
0xf5e5250e3146d914a3a2ae25d826f84cd5f896fb,0
0xb9b17cbf902c8bab1707ea1a4d458eda5f2a5498,0
0x9885044d2d71c1b5a558dfb26f44589fff6b591c,0
0xecb2b0f30f63eba68bf532c92e68d33541ac8abf,1
0x9c9feeb6f792c79f813f1959e6daf0e9afbfd3c6,1
0x12634066b720389199e137720a2e2092d6ce4267,1
0xff33c82337dce4a11af0bc4b7cd6d281738a5a37,1
0xe9dc34e8fcf89c6f149cdf7d728b974a7e30d139,0
0xc95c2cb79c94aedc529a316943e0d2a3448a4a36,1
0xf9a496c5baeae09565b665f853a0d14ee0e825ce,1
0xfd99d621b30f2d869357b1c635154cdf0263dfb9,0
0xe6f97c9e127eac5afa7293d14ab3b3652a1db608,0
0x51db76e1a34db3216d39077b5fad69f02feb6982,0
0xf6aaab8289486563ae8620a78fc0abd75d85a427,0
0x138356e21c4acef5ef201ffcc68131b999aa3e0d,0
0xb207dbddc125554b3ff648bbd5edef91aa1e2959,1
0xd5fe75df3973da88b0d7d5829ad0dd4cf5c63b0f,1
0xe07bfc86b721c2c16a19be9aa02c277b59c52dd2,0
0x886b646faeb7c2b39dfe39afe119451a06becf70,0
0x491b4a99c0ad9da7342ffe48b6c332de52e7706d,0
0x96e72732296d52eccab5ebef451cd4de3ed34fa6,1
0xa4cf2fbdb8c86492467787628dfa351c8d432929,0
0x1c1c9301509cc58a9af37ae75569b52160a29326,1
0xb09209db8a7e4077d10a8aea927ccf65242cfd9c,0
0x1ae5c11cac68a01d3bf476e77a997897f0c934eb,0
0x000f4432a40560bbff1b581a8b7aded8dab80026,1
0x29a64981d327c2b4893f1bb84aa9a6266efbb491,1
0x00486b13e05928e062e46fe65e9b68d91e0cbfda,0
0x1fd7dae8ce6190509486e657629975e10ecfef60,1
0x3afb06a9eff4bddadc6058ffa0758fb3dedb0697,0
0x848ab321b59da42521d10c07c2453870b9850c8a,0
0x07d2031cee5e85c62f2ffc735f1d50c6d1d09a4e,1
0xf0f9c8dddebee017ba6e4fe8112899eb096f2857,1
0x5386a02d131566ff5a315defa84f73d5003ea32a,1
0x8da73e56d81ca9a05bada07642a339b889c172cc,1
0x7a9714495f608661afa836552dc96fb38fe5f6d8,1
0xa772035d953ccf2ed33ce75554e06888c79fe5b5,0
0xba07c4b25a06d1b08d9d0c28ca6d9df2695a359d,0
0xffde865353cb473544b8f98965a9d1f284dda3b5,1
0x2ce7877713c7ef3febd7d7b4cddd3fdbb7dc08a7,1
0xc92c955931da3c7a1843f71ec26682bf95d267ca,1
0x3996c69288e1464c8d23823ddb7e72743021154c,1
0xffdef5e9eeaceac0800a2f784105105dbaf1d884,0
0xd2df7bc5e98aa6e5f8d3a43efdc138a1f9a0fcb6,0
0x558a18f94cabdea4e47c5965384f457d8e870419,1
0xd5930fe499991b8268c93db19e77381a433f57d9,1
0x2ba0fcc894522df700060a6015f7e96537b18412,1
0x768bc0377c6b776174ca2aee8ffef2fd335fd1bc,0
0xd424a41ab76f15464764dc7729e1e49a6751a606,0
0xfa98afe34d343d0e63c4c801ebce01d9d4459eca,1
0xb23c0b2cdad1fd3675669a169280d990d2e38226,1
0xd6c8decf4bfc9b3226737d5c70056ed130b6a908,0
0x4a31d6d8a917a23b63079efa2c04ff1662c014d9,1
0xb9d39b4a98a8558f18ead5df50399de02488e07e,0
0xb528377be30ae47925ede70bf2de0fb997a9a879,0
0xfc21c7d2fac4f5ef66f8b2dab3045d6ac285aea2,0
0x6a11bb3014df9d228037f62510940633215ca1b5,0
0xec49a8685696d46c5bd549295ca50656adb3a04d,0
0x6eef09b526d883f98762a7005fabd2c800dfca44,0
0x31d39b5390d65fbd7afa5dc9fc26e0294aa06117,1
0x0402841a13ada1ad5c5e8dc3ddc5496dade7329c,0
0xf895159d4c0defc0958bee44bab8aa075c49398b,0
0xbd0617d2386cf1f181538516a604867959d575c7,0
0x78248bf84b2de6146ec3213851dd2d2d743fb39c,1
0xaa85c1882ea6c44b3407a030595620179a4ae477,0
0x5d141102ed7639f81000fc01923e553cc10bc2b1,0
0x8ce98e58b4cb8e11d17f1419c528df0c50ed69d6,0
0xe38fd4714b68301418b52e66068bb11e4f198ccd,0
0xe3744abff429a2a54afa1cdb6698f5ecb24e67dd,1
0x3d7fa056685d3c5f12f96fe51d65ca28cf695d58,0
0xcfec52223af7aa6546036e464cdab388432c91fa,1
0x6d0998e0513a739d1af438e35fe33b4dad258920,0
0x113c30bcf256ad40e9285ad74a95ed1b1aa7314d,1
0xa1f8cbe30d7dfae7c3fe7b9310b3f671cf7b07b3,1
0x8eeceec8367efb3951b50c98ab3a846adf7d8a38,1
0x5e39c662b567332d1512d4dba58a4b7c291d5fab,0
0x5b1784dfbec916bc19992c958be951b19911607e,0
0x300f8dc5f910cc67abf287035f1a50cb80a3b3bf,0
0x713c89621b8a97b1c401793efc4796377bd55e49,0
0x5cb52d943b7fd0e3771807fb84a7ea270a30af4c,0
0x6fbb5268d691165e2dbc691a11b098680901d773,0
0xc73d2fd3c7fb2103860ae0ab09a168ff653f3172,1
0xd2da3a07bf4cd039d5f36d22f22b6fe04bd56a86,0
0xdcdb5546ec50d41383501aa2068879b264475bfb,0
0xed0767cf81590c7c20615cb0f893122d40306a41,1
0x921c0b27fa2eeca7cbca305cca5cf2dac9de7e15,0
0x9ad4ddde5f509f68f45d250e501370b646cbbbec,1
0x1854c3643539b76c6b9e37900a1dbb8998621bf0,1
0x8bbec86ed6a27d8654aa601e364a3f1a359cf428,1
0x4b038c047f79e0cfd3762b9e8b4cb017709315fa,1
0x56a46d8a3b84f2197869362ded3a9f84f3be60af,1
0x87a07f0aad775776d5a648b68e3060ce751eaccd,1
0xd98b04fe33af4107d098d87580b9e1e92b539042,0
0x7e17369c16cc0b5fd06ebc5e39119c9a6f66fcb9,1
0x9a59ffa20485c4ff5189bca47ce3f98ee1cabe22,0
0xf0cf2937f02ae35bb4331149048b599fa79b5d44,0
0x22ad900b30e685d17a81b06e5c30c28a707da6be,0
0xcec1e02bb0d81d19d8ee6ecc723729feacd9a5c9,1
0x976c8de4639872612c407ab3f8831414bfcee6ff,0
0x4afd18c9878b7180a97e003aab9c1285ace3f16c,0
0x777480683bd8fc46cbbdff407364d9e6a71c6184,0
0xadc1d13acf57ea12cdf14679177fd669221adf2c,1
0x7c1416fd4bfb4c67f1481fc88a45730b08e683bf,1
0xebe3a9eb0f4143ce61b9ed3730f102541a512f9e,0
0x09edb4d49b222c6f3998b482f166aaf091507dd1,0
0xd55f699e6b74237762164aedca33a08c37ef0622,0
0x85399768c72b64879e704ebafc5ac52483984b9e,1
0xf8318cb26e06e4ec12a24acb344b2265c7373ed7,1
0x8817eba2ff288ef298566b2b6d544e6a4c6fbb0e,1
0x804421c7a35c76b430fe9123cd1780136276de22,0
0x575fa7ac7e4fcfdd66ed62602ff28b0fcec47ad7,1
0xe3898727bae072830e4d73c949cbf4e1cb942509,0
0x0305f3ecec1b0f6a2a181c9747fe914b3f20958a,0
0xca7e077ab56ba580f7dbe6e50cb2468827bcc40e,1
0xd218dd1ba69b27688f634fc51d6c81e22598c1f4,1
0xc1239a71eb9fa65a13a7406b2c42a7c3b15ec421,1
0x69c7a78a1f48de5676d23ee7e800e36cd2fb5eff,0
0x57537803703c97fd4bcf75ae815c35423630fd3d,0
0x2f8aa6943f04bd1d7eab4d358fc507d010630785,1
0xcc8dba2b4d8f78ab00cc57ea12177651f47b3ebd,0
0x36a6f6f423778a71fbd635081f4ee44ff15b9d6a,1
0x17c512e156fdb47721d966465773184c1937ad0f,1
0xe75a9718d1461e60416268c0c37b47e96569e8ba,0
0x9d8825c26e48b1071c3a7a5eb41d66aa87e951ba,1
0x7a1ea5d03fc45c6c774928476d65567c9cfcfcde,0
0x61e8c16a67be3c0d16e8113a688ecfc963e4503e,0
0x7c665f07f04e9e9645876312e67a67c5a091f82b,0
0xeffbb914682df1e09e047cbcff319aedee6dc443,0
0x29802d502273dd188ce84ade49cf6d744f1251fa,0
0xa80209b06d7f4c0028b3a3aae4011357b7eaf752,1
0x0392c9a6a56e76f79a6cf582f402e760a3b1d8eb,0
0x373f3f3a2a3f3d327d0187c47a59116003e87a26,1
0x9c5802493cb00efa1b0b5f0c08a977261b077984,0
0xd492fd65ae4751e6422dc9711418d2e42499ac0b,1
0x9aa85697322f2353c183e3b46f68b9c13bed5054,0
0x337b8417f5ad9623a559e26dc8effbeb9e014e46,1
0x1f42f0563b650e66cc4d8653b9707a4e7f9f85e1,1
0xcbf949a425b91082948c54551e1e12e3b95130dd,1
0x5685a0d411e88fdf99702189506540807c0fd4f0,1
0xbb6c473bf140cd5eba9d919f86cc7da723d2fd6a,0
0xc998cc72d9b0f5b6fde455e5ffa3285c4ffc3edc,0
0x3a2491b4dd335410c3771ae2a185434db924eeec,1
0xb7e0fb206762b838ebe9a499afee7640bd82820b,1
0x7700733250c02c49b0c026feb67c7b2b58aef60c,0
0x2afe45e04c861a28cde5051885af0985e36f8488,1
0xb3ca8eaba1abe56937369eaf3004418c8cd39d43,1
0x7c2883d71ab50d2cb41cb1870db33947012c3481,0
0xdd31ae02360ef06895f746d529f5af24cfe0cce3,0
0x0125c736158caa4372f899ef523c757342e68de4,0
0x457edb655c5e28dfbc68e502717500621f1d094d,1
0xa8870ba9acc05aa62a4f04c59a11815c30dedfd5,0
0xf1cfdc249e5d20503c89c0796b5ac4b4faf2a03f,0
0xe847459444ec413ce32618d7d4c1b53f004da0de,0
0xa9d60735ab0901f84f5d04b465fa2f1a6d0aa7ee,0
0xaf65c86d07a34260a6231126cb03a486231cc3ce,0
0xabfd80f1b90226464f65cf69bf8faad019385538,0
0x590b8f76da43f17b38207f24bbd6575dd47b5db2,0
0x5d9fe513669fac4cc1f8021f10c974d94d4f6af5,0
0xceb5cea4fb1f00f4c1f1b95ee41c1dd4b957bda2,0
0xda812bd436aa598dd0c0b6d85f76ec9988e41be4,0
0x1870e9dbd72f908fb2c9d339fe1bc86d94ca9ff0,0
0xd57e58dccfda9d5507a99b93b978cb967850f2bd,1
0x5bc993d0e86bd00e91fbfe17813b5e896400561b,1
0x58e2726ee01747b37185c3f810c6d48d508353d5,0
0x0be46ad458d5b8d28906d9545d1c91a1cfa6368c,0
0xc25fef376784e9bcad3e1472575c1e10079c56d1,1
0x76a96f96255a7984da77cf36544f9206df730fb2,0
0x8f5801b3f94a98ce0896e4b4935ab29bec404104,1
0x8330a84d3c16a55302f921c36979b1067418053a,0
0x40cd015f2f05a13fa3963751cbe81a60a09af473,0
0x06b42a2a114b3a04102f21779328e9a105b6ebd0,1
0x39d8edc284062fc33280d140fa95126f84ffd068,0
0x5d2d82af3e07b5dd17b19541c4a21e51366d1a34,0
0x4936b305102f442080d4711f14c5f0318e3caf74,0
0x7775a2fad56a0bd65b145d24468d38f38ecd9339,1
0x188c30e9a6527f5f0c3f7fe59b72ac7253c62f28,1
0x253d32965d2e39e46dd7a2fd052fea1aa189c163,0
0x0c2877767b6092b87b91620e2e9c23f0d27f37c8,1
0xc30c0bcb0dfc5119d06d88abd15501f8e84b6572,0
0x2ae9cfc48cf74ec687b3f430104649b6ca1cc010,1
0xbaad3fde86faa3b42d6a047060308e49a24ec9e7,1
0xaf6d12dbe8f8df2a11e724e3cec0337178eb0b26,1
0xeeea478b8ed1507c6da355302ef4c1865c2dd624,1
0x5d2d0a905bb2aa6c6ff2ca5c81044602fccec7b5,1
0x41c007a724731d1fcb14c7ff113af0bc1d66fe9f,1
0x40002c2dd52da0d1cf5aba23b7397ad3b5b273e1,1
0x3651afa1b4f3130c555c872ae1532c75d7358969,0
0x9321c97d29c683fac05fd5facefb483e64d9a540,0
0xd4af804b5fc981c889e7b7c3af0e8d8ac2e2630d,0
0xa2ef1fbd065e787a1dec6bae16d5774d8c8640ac,1
0x1e3b89056537a181280392cdc3d0d21e6895413f,1
0x11118327d7e40790445dc7c01fe145e5509b1111,1
0xe059b136a2d8162949a7f63633c29e27abf593bc,0
0x8d9cf2adcf647d78809077e35870a2e3f50bb113,1
0xa33f127dbc8d625657ad3b995879e9313fd42446,0
0xb69da234bf2dadbb816b073a9e13eeba8b3db6ff,1
0xc68304e439e04b0ea0c0c07a021a26bf708f7669,0
0xe687920cb2e44f8477bf60b31d47674837a04ab1,0
0x4011db48efeccc67de4a7b82e6883de02a506a68,0
0x6e99200327b2cbead3dc8c6f7496b8b8c77369b1,0
0x7e542d47ca495dcb9514c9efd90e19b6cb653deb,1
0xec1749cb0ceb7d5950efe2dd19a33afac6ec7a3c,1
0x3c823ef63ecd99b1b22436e8766ba78227d71db6,0
0x0ed94ddc597721a976d86a5d2be11d0d445dffb9,1
0x247df376e7a7ceb0f64a218e21b810a97a6fd2a0,0
0x35bd4fd69ce877140cd8a8dc9cfee497cbc1ea87,1
0x790e9d5cff35aff09f76165345646277310009b0,0
0xb980278be5ee379852215fa112a7391dfa58bf31,0
0x2bf5bf6977971e9428f4bf084d734f34e3ed9659,1
0x1914296e27e1b7e518728055aa1cbf1a119554e5,1
0x4cd2dc5d7ae7d5128a5f3207cede5e6409686426,1
0x6086563db6f9cdfab2f4cb2c75e8bb230e572491,0
0x3a31bca1b5e1028e4d87181154b32c3fc0223054,1
0x18b20973022878edda5b27b5ca7492af8482cac3,0
0xfbe7d8861ea419eb2d45d887532ebd38f1ab35fe,0
0x8205f2ab276c78d06a8f9be9b1c97a776c7dd805,0
0xaa30a2c68f37f8d855501e36b2e69ee2f8f9dc31,0
0x8b7956371f90915c57f0ebca9e090f131f5f0510,0
0xa6001631424ba2c9834903125c4218b91cf00c97,0
0xdb10d21f28a34fd04e4425eac777483798f7e217,1
0x4151039e4bb8adadeabeb6de69c0e99bb563776e,1
0xeaa29affdb71dc2d17faf5c4a48d1908c1a20707,0
0x2b6d6c0f05d8acbe7464179d9c66976c9e84efea,0
0x24279e751b0f0cec3707b4a94dc7c77ea742041a,0
0xf9b221314ca8715e3cd6115378a2fddd02b9bbe3,1
0xe4286256cfc49394343bc99ea49b999df2733b3f,1
0x18020eb12e8d48566e26edf8036de2c09d9efe65,0
0xcc481d3c3017143dcaf981d931b80114316e6137,1
0x4d794cc4bfebc8df75e1c21c23dfb9f539cb97c7,1
0x7b52405200a1933d4bbfb8320746b9daeec1c19e,1
0x3a9bdd0ecf1612cb30442b41b615ebd2987a019d,1
0xd21b3dd12c84bbef63f2c4a3b0e31d1df704c723,1
0xeff2f0b1568d87b8a55cf2d56021a45cea1a1662,0
0x980fac1078bf614fb1d3515068a20c077b30a5bd,0
0x306ae60a07ea7a1c8aa5af38abd30c09e827a145,0
0x62d02bdfa853ba3aae25135574979de19a29e92c,1
0x2e6e0450b9720def3efe6f449a819fd87ca6150f,1
0xc145414460edba004827e34c9eec61eaccdce237,1
0xa14fe103bc14c6a88f2784f2e018fd71a25e46b7,1
0x9a29ee2b7a237c5cf63352fba33a70b4ba7f18e5,1
0x27a35a2673a4f25a93ad843d592b6bf7a9dbcad2,0
0xbc35d102f498b6acda7cec5168fb4b19d9255953,0
0xe105f4aa2682755e9955498175e1c6dd52f9fd38,0
0x536a72ab6af37268b26ecf6c6f3b08d88ef0babb,0
0xd7691091fe32be7cc6385fbf57d212216681f860,0
0xd8495779105bdd71540d53a58865b4ed337d3775,1
0xaa5bf97a4b5a0165846b3e2016321e24a33be2ce,1
0x21e0324596f537e902b1c215c3985c95eef7943b,1
0xe6ad4b749c0c2c0e4f61c4f0ff49fed4728feb95,0
0x63e10765c0ba977e070c73c833b240cb4a5090e0,0
0x4d471980ed9478d8f5fdb8d8e1606866ccf001f1,0
0x3547325936551a0870b1895c44a1129c937dba29,0
0xa07a83ee36f4872717f15235574b34ca18767d2e,1
0xa5a5e29ea33f3f0caa15afac4548aff6b1ac53ca,1
0x51581c4dc5c4a2de407841067a2fb560bd5c1811,0
0xeae49a86f0ffb1a1ff0979a6ca4c0701b03c0f4c,0
0xf89d473559bc870ba236a7975529da86ce9a7644,0
0x4126ac8a3813068ece67b47489e2aea4b66226d8,1
0x68b885f956e3f0457f39b1d9efded041a99af915,0
0x51b5e7c37e5fb15c2f1b74caa988d8f535836102,1
0xb70b35791b17e5c999313e104fc46c1600eae0ed,1
0xc8a2258d75006463a9435da52c0f376f72e5e1e9,0
0x9104d5cce280056d33055f5e18a793f6aed71038,1
0x2725712a94a5cc92cc670560306f21dec0e720d4,1
0xb09dbb147920f8fc462b4c333e4846c1eb87c82d,0
0xb9d83d298d46c4dd73618f19a2a40084ce36476a,0
0x2632f1d2bc03f31d869b868b875a091f35247efb,1
0x074587eb41c87fdcad60737f277d19fa741effea,1
0x697c15f8f2913be82d4d999d4047d306f9fbb919,1
0x50595286fd722565c2c3b4ef57fca2968959b73b,1
0x631ae5539ca9e8cc1c16dc256f913c6f5366d84e,1
0x4f6ba48c33b37bade5304f710a4977f45efd49ad,1
0x5112e5d2af3e3ea50cba48a900eaf0db7281936d,1
0x2cd26745da02e321bfbedd1e70cc226f892cc742,1
0x217e3c976ac44465649ca01329a9a4027f1350b5,1
0x7a559dd20fd34c4c547ee751c3adcb5f0cde24dc,1
0x6adac55e197c09001a605e54042670f5adced052,1
0x2d659c39dfb184f370110a58fe3339ab60ccbb5f,0
0x2bfa7ad53d45292c831f85e12ca0328a7a0129f8,1
0x1a1ea24c63a36150a22a47c83bd646fc10bdd727,1
0xb8954f2de7d9a8a55cd98bf9f6001f5bbcf339df,0
0x30a6eb20f9d8fc7e71fda469c7b023ab42d26bfe,0
0x11268b7b1ff187edc31ebb07e51bf034842c61b3,0
0x14f13489d3d9226804c11469670adbe3836986d1,0
0x956ae058bb6ff5c5784050526142006327d5186a,1
0xaec109dcd8521d4e12a7ec04532cbf9ecaffcc52,0
0x49956e8935be2274ca427c63f8719f978ed19024,0
0x35953559e17b098c87df40faf9af63fde9e13957,0
0x11e3ad2e140ce102577eaaa3e708751c04833161,0
0x1c3c6be0f414a026a011dfef28fe8710f3f190de,0
0x4834860d128675eb43dedcfb7bc4f29d9809e363,0
0x2b7ea144fd4a8d8f431b7a418548ac416cbf90fc,0
0xebe5760b77bb0c0dbb18ca9179fddfc41812ac8c,0
0x7494472a149481975d61c7741662abe8104eebc4,0
0x4352cde451eda47bd2397c3591d13257589659e3,1
0xf468d4a36023351cc25ac31c31658b3077c936d0,0
0xd3c6fab6592b226eb41035330c4b7f51b9de9e82,1
0xe1bae06339de61d77f41b41ac2aad03cfa813f12,0
0x0b1d7713a5a0e7495fbaba84415455ebba1ae484,1
0x70e1b787a5d677a5906acccf0b4f387b8bb1b5c3,0
0xa9fb6355997aae4a717d9bd15e60edf26cf55c8a,0
0x40aa3d68f5630b8a9305eb31740517693540c602,0
0x47d278101ee9335c3a3baa14fe184f757229a7b8,1
0x05e3c531abbea56f4c833756df3e1be6e3240ab4,1
0x74ddc78d670c97ca0f2d2b8a18dae8b91aeea541,0
0xcd0a90a52d940ea7025f86df310722b42f881a9a,0
0xe097935568d4da104d61d948aa6d1b907fa4991a,0
0x0a2257eb513fc413e8ce194dcab1b22d627db8d8,0
0x94d1121b1fb7fbc325ba9af7b48abfa4b1480613,1
0xf78ff4beb919d2aa32869a89de2fa5ddf09d1d01,1
0xc73b67ad8c9f6e13160c75571a58397174d4ed83,1
0x884d6fa3a4b349880486ad4d7c833ca968c785d8,1
0x35c3885d43e0c98cffc99257d200272b9505b73a,1
0xe908ce29a8a8ee72a2ca6902ec6489f1697a06cf,0
0x83b97b9454d90791480cfda42c01d461d4d4eaa3,1
0x4277d9b810e1d3342593f0f054d333461c8f6304,1
0x7e98802fd6666d1dcc9c8f6bf5a3d8c97ee1b3e5,0
0xda25824ee511fd8cbfce7dc8b316820418a34a10,0
0xb100981fccf7de0f76477c1b120b849afd485a64,0
0x627ca7601e943cbffd21aeeb7bb06b9a3137b0ec,1
0x106967e71c14ea2e30be510d18310f0ce6a3bcc5,1
0x2162feb49e9efe2506de3273f4edabe09d36cbaf,0
0xfcdd6d25ae394746e4c74610aee215aaa4fd2e48,1
0x333426364fb1f574bf839b71711ce9ee45aaf259,1
0xb662245034f1cd45d76d4d614886c2b9aa4bc272,0
0x540789f317fa905e42e03ee567941dbff3c0716f,0
0xb5dc07e23308ec663e743b1196f5a5569e4e0555,1
0x42c4f161062c22408f2c6fd38211de3059bcbe8a,1
0x49ade4820279ea0c81a44634d01bd1ac04e1b2a9,0
0x37c5db6f455f1cb3274ebe67582c92d04c4f6545,0
0x1d269cc6139470d81f80f007e23322e4eac046b4,0
0x87935a117bb7d71e102168db80e9f578d0ecbede,1
0xf982390bb5e0387009434334b987e7e8def7096a,0
0x93f3a3a80817bfd3e3a47312ccff5d76d84f510c,1
0xdee52279191615b2fc32b0b3e13f36b7824d2290,0
0x3470992973db795039d86b3e6682784b325b3121,0
0xf7bad83f633f172288686a45ebe5aa47e0d82f52,0
0xe96fccc51560cad9f712ed2bc9de564f13b0d8c1,1
0x55517b4f8563d100bc71cdad2b3c5e2dce14d397,0
0xa4d2ff8a495146aaca5b59cfc98345e31d12fce7,0
0x0b9ef309141bb050238d8a73d1fed0dec50a5405,0
0x729d9b3954ccdc3ef6b537ad67e970d438319237,1
0x01c2e7b1de06da53bd0ec82fdb59e5767b8c6da1,1
0x42499b05a0ab83cd4b425753f1cbbe88d8d1c763,0
0x3657d9aaa6c3334ce926e8e05b70ad7ed6328a06,1
0x5dac9ccc215b9af65b486066786f79d9aa0043da,1
0xd7b10673bcbba63ba920fcdb6b4e6188f17b4a62,1
0xb57fd863535525b880ff7e23cdf17644a08cb448,0
0x34eced1a67b27cbec2dca6f50f00e251111f2587,0
0x5ce9ad759e41bf1b3dfc1a41db940a90d7a43460,0
0x1f0203e7d0c9043ee64f7601b46ee3dc16ec3627,0
0xa2fc971daff1bff9c5fc030b0eec9a83bca07dc7,0
0x56de6e445d3181ca47825fad343313abca06d685,1
0x587d6fff6b8b13658ca5d70bba6bf8f1417040f3,1
0x134f240827dd4b047942589998a163a2a1002f1a,0
0x8c4a662711aedd22bca4a562987bbcc99a640604,1
0x661f3573806009037796537e7e0825e242c5c8ed,0
0x35dabdf093544067fc123a530902cc308f7bb636,1
0xd45892b505af19ddae3fd4b620b30afdbe8a6184,0
0x4f08bff4d7b8119663ba909fbf1762fba785e7f9,0
0x8db1a32db538ab74dfad4e2b341af5af658126f4,1
0x8bf784006d14934cba8e38db715d7288e226af4b,0
0x10e357d64ba6eba02006c296004b4a26ff335524,0
0xbb5e460992e89fed765581abdde4869adb15cb03,0
0x3e82198a7a7b1ffdefa8071eaaa7842511aff545,0
0xe69883a960b5784b32fe75a6dab33b4764d5085d,1
0x8f544fff7d60b6d5316f3d8cb96921d16c4d8e3d,1
0xc5fd29cc1a1b76ba52873ff943fedfdd36cf46c6,1
0xa9dc7b2635414f9cab240bfd819614878771d657,1
0x0d6ac85a4feaaed57dbf0ee4c461365454a18dbc,0
0x178a61498172d59bad609b7ad2469dd555642151,1
0x4418c1f4892694c9af901a77f49f6d48bfe33e62,0
0xaf60a40749ee8844d7154eb394a4ec5e29952026,0
0xbffec59f5e85f37af43a872dbeb641cd18921f04,1
0x3905257d4245db456b9bf971cf4c0dd9739e78a6,0
0xf7a904d7fd13e8248560f7c1b7aee0dd1be50767,0
0x9fe13c659d7a39b11cf4262c93d5e5f8c91e51c1,1
0x202b8b3581597b987a1da2596cb5df936fdd38de,0
0xb81c9c3aa0af6e9033ca521e4a793c5087c9f4bf,0
0x6bb86cdf14243d8f189ffc6e03ec1685c5c16950,1
0x8dccf4e48229138231f0ce717cf80e91d28e839c,1
0xa0352ecc429ae32a60e1b785c1fda9a9d6fa8283,0
0xd32b4524a1fbc8417ccda8905561c4437afbf858,1
0x888874e5ab7b4f0955fc07f3400016ab2e948888,1
0x70a944416657495097cd2ba868a72c43d17fbc5b,1
0xe6d270680431b674cadd4e6c13bd56fdbfd6fbad,1
0x6dbd61c345cad500ba0f8866616dd8eee195b835,0
0x610336e20ac62fa46bfc38d7488d66568252ae92,1
0x9d73ab01d423609f6e7a0d05d807cf715211edc9,0
0xb3aeaf62defe5811a1d733d59099051f406ad5e5,1
0x2c59a247ac1ba5ae6cc015e5b4e928144f5593ce,1
0xef9cf9985270eb35674214f7038610b2695cb980,0
0xec32d8b0bcd1d1ca134767f9f8a5871c8d373475,0
0x07de58feb1f8b0c5979a800811f3bad2f54de26e,1
0xc4a8c46649ea616ddeabf722fee5bcc48b806e83,0
0x6e39b1ed6eb9b853a742b80ebcf08a2fbf0ce043,0
0x776fbfe4937e98005bfb9cc78e582f54a6aa2820,0
0xc629f71d8a81d9780137ec9ad04709ce6d5995db,1
0xfc414daf238a3cbea641f9eed8959ca6adaee3fd,0
0x5266fa5e039580504deb90bc898d3841abb67e23,0
0x982e86ba35f7a84c52dff7c537127c07f7a7bade,1
0x5664da45c698cc08797ac9c240498538a394995d,0
0xebfa85ed4cf40614fdcc6f7a5b6dbc39fca0fa84,1
0x25937222d89bdfa65d54addf58e5914639b5d669,0
0x39510299bfbe8a774bac58fc79581d40729bfa92,0
0x68519481baf702a5fb1385562e330c413018d079,0
0x6fd69073f458ed3566ddd7f9f37409994ba59a78,0
0xb8c4310ef6cba7ed25b4855bac20617a8b3bcd56,1
0x86dc1a692bd9f25a791f4e3b34d28daece9f7902,0
0x9e29f031de604162788dc97ac82ece2a42dfb54d,1
0xd5ff53f48f14e9409b581e41a4cddfe0e97dc724,1
0x3c061c213b775178320ada72feff71b11b6dcd7e,0
0xb3b6f4276718a912242e7b38eec22f159b149280,0
0xbc9a8edb52171777a239397a0a6212f2a63c987a,1
0xe998a6339287f3c9d7191ad1097a0bad05a60b6d,0
0xa73ee74bd95061e60907ea72a5a1d428c4f56680,0
0x6814a814e5675cede4ac74fac2810131898cc573,1
0xb6211924fb731f5288a92c9007503e3976f5c9bb,1
0xc45079176c6296d50471af95d65e242c66b06a15,1
0xf70fa4e9d50aba0de64dec991ea369de50c942d1,1
0xa045508799bf3fa07b86fe1e02ceb48c79140927,0
0xee78d799d2b507f50b0fe2b9fe03d8430b276859,1
0xbe61c65c5371b8fe2507df11d2d3845f9665427f,1
0x313d783ce879c3a32eef0a9ada1b50a1ec4e911a,1
0x32d5ff31d5241331bc5eba2084477ea42b947d0e,0
0x81772de3466a34901f0a13230869a3ac65f213dd,0
0xfe67790988c9604e435e9a73a84ad0e973d53084,1
0x19c7545e41e94d9be68ee4600287dc4e98e82712,1
0x96421077299712f704a4b0d1564b90ccfa6c9d0e,1
0x0ec364efccb98ed3656c280a816631c1663ef0ba,0
0xd94faee3abe47dae9a6dcf2837b0afd843eca95d,1
0x0c6c9ad37ae0475855ae98fc815b537f87a599fe,1
0x63ccaa37f2e90870516df8c1952aadb2f61dcd98,1
0xea70690cf69610d2917f586e61d1dcf99cf53405,1
0x31e9f2a451b5788b5d52e3632509803a7d5b2cb2,0
0x124919c68e359b9016801f6dc4e34178ff0d195e,0
0x38bbf21b6d1cc2664d3f104b50ee7b2ef9c14fa3,1
0x774e92b8617d2169086180edfd6585e0eeb47d95,1
0x186061a803e2d140d3034bb4701107744d0eb95a,0
0x5f072ddd000e7b8e461b87fdfef1c3e9c746f5b5,0
0xaa371c932d024f0d2609e4f221832142ea9d1ab9,0
0x39bbfc85f0b4bffef053cf5ef31c70b0c9b5dc9b,1
0x9a66910f8a09ca9b10436b802c5b96f8e63c1af3,1
0x21d79c2be4ab3de2802a60da66f86d497d06102b,1
0x51f7806a68d4bf43b32e733c1cfd0df73b076024,1
0x75176f8f8c27935e1521b05adad0ba69bbbd1f95,0
0x580eccb127b287cffdcb8935bc5fc7e9ec0b4123,0
0x4ff85a5031095ffd3f1b19c7a230cd44d13f488c,1
0x6ef6cacb9ad2e416eb6b73d3d1a021929860053b,0
0x4f52ae6d973822988e5b04e040437b6f8c46bc30,0
0xf11acefd872eb38f6cfe0f0218a18f9dfb3d25cc,0
0x36ab75710650754c32e4850d2ad050849ebb5899,0
0x9270181fc52fc49154bd86d5a1fa968e7b676b1d,1
0x8268d6fbabf8766fe37ff1d51d2a2df58e6fcaea,0
0x7fc49ef09ffff5e8ae6e80d338d6e290a67eb96a,1
0x4eef4c8ded13b858e679e48b0776d20ab3c021aa,0
0x008f1a08f6a7846f9e3dc01de68306043ec2f3df,0
0x9ae9c6af182d1ff4575081b77bcec4dc42770a9f,1
0xb5ba25231cb906e68e4bae0e7bbe6ecd972be883,1
0x99cc6d8ce774e402617d6b23a934b6e2062ba30e,1
0xdb93342558502d4f522e774eac55d71bff8e6130,1
0x6fbe47073432aea573d7c1312e461683cce53558,0
0x7f63921d9fac69a6824dd3ef5fb8e1a89fcc984d,0
0x6acf1e23faeb7ca520ac0709c39f31b9fc79ee6c,0
0xcdbbfbbf66df65b6b0bfd12e7703e3a726aa2718,1
0x94b8d81254db1eaa9be28a8ba7a1236dda618c35,1
0x880a3c2c5797a96fe04749a165161d52bc836f85,1
0x8213985ee0904c659efc64859a9759cc222eb259,0
0x53b4ba1a81744a1c9920b341d6efe6f7d366b583,1
0x5ec48e6a351c6ffecb60ec01ffbfba4916fef39c,1
0x166963d11ce7fd4b56b35fe197638d19862fef92,0
0xaf2faefddc07a5d3d3f822f57558060cfb286a54,0
0xb2995cee7f052da65c973d3e316add86db620ecb,1
0xc45f36adfccc437d90f3f283b49e285b1c97e829,0
0x56d9be245d753757e0a37f6ab53921262b5e8843,1
0xb9f4756952c88e1f8d71f1de2b97f84a79700c9c,0
0x97ea4e4f0f3f5c8dc812bfa65acd106a9acaebba,0
0x37e305b9d84aebcada6b44c5f55304ca61125011,0
0xebc887b4cae1b22e1a7b93f035330a9587deba77,0
0x4a337d1df22d0d3077caefd083a1b70aa168d087,0
0x515c07dd7cd01496d4000e4998b4fd5acd2c09e1,0
0x286cd2ff7ad1337baa783c345080e5af9bba0b6e,1
0x64df7af696e0977771a0e1e1b1a8dd22ded3cf4b,0
0x3720e15ab36f9af7e6ea3c5bac39541fa701b7fb,1
0x9365b41c381f9f36a665b9a7bef38aef64fbf366,1
0xef79b9d76590b873409430b17b0ec9aecc64fb70,1
0x168e86eb1d72566ee0f77be308283ec4e9b60a14,1
0x8c6dadeab57badcedfb929154409e9cdbfe62c54,0
0x81e44ce816a515d6c82c04e253a3ae38616900dc,1
0xab6f8b832e931d9cd87e5ad583570160ebb2a840,1
0x69405fd8fc65b17fee36d6b613ca4358b396ec04,1
0xfbe41e76f1f52b9a3d48a4a4b10f432644a0f772,1
0x31bebdb0ea89fad84fb1fbcff8511d10d3ec6d31,1
0x77e7260c6577db4d4020732830f983db63a16454,0
0x438aa9d7976a175682829439abe778e9d3067e46,0
0xac3ff82121c2b2bed2da74b8ca8bc482073eab64,0
0x44d54ce6e1282d4e0fed36227cdca7a263392af7,0
0xd872b7d4889ab1c7de5a17a7877ca641ad2c3f72,1
0xc4dad120712a92117cc65d46514be8b49ed846a1,1
0x96fd61202a698ee3eac21e247a6b209ea5ffeb91,1
0x1eaee11deeb488379b9f47be1a94194d093b019b,1
0x3b2534b8ea1f9a8bf9d9915b91bae673d161f2a5,1
0x3cbb2dc0905d2e4c03f1e8b22e898efc92f78af0,1
0xef29e99d01385872d5106f23e94b414bf1827927,0
0x093ca050b2729510d5cb1bb3d2e1c437186ffa9d,1
0xcf8eb25848cb24709ed176febbf3326a2618af00,1
0x4b1d61e2e9655eae99d090fd42ba11da7f85b52f,0
0x76fc54b4ec08917fc4a7fc6a72d0baaff9861ad7,0
0x71334c1ba5c475fb0965de3f975e0fc8bb079a23,1
0x4b1fe55b864359e3933f69f3092234a565200236,0
0x376f6fb190f1a6a8fac431a645ae67d3beb6f0e9,0
0xfe4841a4615b8132e6e116a033ca39333c63d121,1
0xb358ac81816834d81b50416b0cfa394a5b33bc3c,0
0x85867ec3dd671b8db1f85dcaf7f5990081077d44,1
0x976f0f0cbb3fb38ee247463f5e574b9b1a353f8a,1
0xac994ff5464be9bc089a1d9f89b2e06ffe1bae74,0
0xd5cf9017406e3c7c8a61e6cd1ee5dc0f9f24228a,0
0x69e67aad5495a48c4ef3f770d93a99935e1dc90d,0
0xf47785bf06f2021ff1bb4887c6d316c5b23e3c91,0
0xba30a3ec398c7e583c4f10f3cd40ce832e0329cf,0
0x12d17fdcff70d1312d1d44f838f7597e38bb76a4,1
0x2da8b5016a5bc03ec009dbe61acac282924f5d1d,0
0x562077c57deb8eb1d96e3961c1cb1ccefaaea5c7,0
0xb36cecceacd8430d952679d5d533db3d903d4dff,0
0x8349657449884c0d1c86f087fc17577c78ed0770,1
0xda405077a284bf1cf4ff8b4c2ef37ac5524d492a,1
0x514b6de6739da6f5277775ee144e633dd212bcf7,1
0xb5b9b731ddec2f37bfe6290d2ee2b7318433a7e4,0
0xc1674056bb58f18b07c5f07be0bd76c77ffc40c3,1
0x8068e10f89860ce5b63b64c1954921454c68eb49,1
0xebcea89d0e3beb500449f7216bb0f456d1fd93cb,0
0x13e2c2056ab58e6e9f0bda45667af897ab51946c,1
0x5908df4c5b673d4c0c3666c529f79104700a582e,1
0x6e170b9bab579d3b3000bec7af0bd2da02bf8bb2,0
0xa8a298fdefb1b6cd3d656cd61e06ef235cd00895,0
0xe0c13b28698397521b5eb7e93c9695bee72b4cf1,0
0x94c9c69277dd97b48425edb093acd84bdd4d2eb8,0
0x06fd1120349cf8cddef63580707ac0b05f1c807a,0
0x454c12cceeef5a9d8a7797f72bc7f7011da6d58d,1
0x69b96a9425596c14c54cd03a8fd09f416b9a6c76,0
0x4bfffe2c5785dd8938a8bee1e28ce1ab22efb811,0
0xc2e84669d20fcdbcef787e471da367d39047cbac,0
0x7829d26b63130b4f88224838cb5c44979cf069b8,1
0x499ec024d9dbd934150c4f641a81c5bf605810a6,1
0x3838bc4dc5cdf89ad0ba0111cffeeb7f8fee263b,0
0x23434e59ea6f9c706c28568918fbc13454b08c77,1
